Origin Movement ID,Origin Display Name,Destination Movement ID,Destination Display Name,Date Range,Mean Travel Time (Seconds),Range - Lower Bound Travel Time (Seconds),Range - Upper Bound Travel Time (Seconds)
186,"20001, Northwest Washington, Washington",1,"5400 Arnold Avenue Southwest, Southwest Washington, Washington","9/1/2019 - 9/30/2019, Every day, Daily Average",823,555,1219
186,"20001, Northwest Washington, Washington",2,"1400 Juniper Street Northwest, Northwest Washington, Washington","9/1/2019 - 9/30/2019, Every day, Daily Average",1593,1298,1954
186,"20001, Northwest Washington, Washington",3,"4800 Canal Road Northwest, Northwest Washington, Washington","9/1/2019 - 9/30/2019, Every day, Daily Average",1334,1016,1750
186,"20001, Northwest Washington, Washington",4,"2700 Unicorn Lane Northwest, Northwest Washington, Washington","9/1/2019 - 9/30/2019, Every day, Daily Average",1676,1363,2060
186,"20001, Northwest Washington, Washington",5,"4500 Q Place Northwest, Northwest Washington, Washington","9/1/2019 - 9/30/2019, Every day, Daily Average",1060,780,1439
186,"20001, Northwest Washington, Washington",6,"Ridge Road Northwest, Northwest Washington, Washington","9/1/2019 - 9/30/2019, Every day, Daily Average",1373,1081,1743
186,"20001, Northwest Washington, Washington",7,"4500 Ohio Drive Southwest, Southwest Washington, Washington","9/1/2019 - 9/30/2019, Every day, Daily Average",298,151,585
186,"20001, Northwest Washington, Washington",8,"0 H Street Northwest, Northwest Washington, Washington","9/1/2019 - 9/30/2019, Every day, Daily Average",200,84,472
186,"20001, Northwest Washington, Washington",9,"1800 Upshur Street Northwest, Northwest Washington, Washington","9/1/2019 - 9/30/2019, Every day, Daily Average",1123,873,1442
186,"20001, Northwest Washington, Washington",10,"1500 30th Street Northwest, Northwest Washington, Washington","9/1/2019 - 9/30/2019, Every day, Daily Average",765,526,1112
186,"20001, Northwest Washington, Washington",11,"1600 Tuckerman Street Northwest, Northwest Washington, Washington","9/1/2019 - 9/30/2019, Every day, Daily Average",1398,1126,1734
186,"20001, Northwest Washington, Washington",12,"8000 Poplar Hill Drive, Clinton","9/1/2019 - 9/30/2019, Every day, Daily Average",1949,1566,2425
186,"20001, Northwest Washington, Washington",13,"2100 Monticello Court, Fort Washington","9/1/2019 - 9/30/2019, Every day, Daily Average",1532,1145,2048
186,"20001, Northwest Washington, Washington",14,"0 Hesketh Street, Chevy Chase","9/1/2019 - 9/30/2019, Every day, Daily Average",1671,1348,2070
186,"20001, Northwest Washington, Washington",15,"8100 Roanoke Avenue, Takoma Park","9/1/2019 - 9/30/2019, Every day, Daily Average",1875,1519,2313
186,"20001, Northwest Washington, Washington",16,"8800 Walden Road, Silver Spring","9/1/2019 - 9/30/2019, Every day, Daily Average",1977,1586,2463
186,"20001, Northwest Washington, Washington",17,"8300 Colesville Road, Downtown Silver Spring, Silver Spring","9/1/2019 - 9/30/2019, Every day, Daily Average",1700,1404,2057
186,"20001, Northwest Washington, Washington",18,"8900 Moreland Lane, Annandale","9/1/2019 - 9/30/2019, Every day, Daily Average",1581,1222,2043
186,"20001, Northwest Washington, Washington",19,"Thomas Avenue, Arlington","9/1/2019 - 9/30/2019, Every day, Daily Average",721,491,1056
186,"20001, Northwest Washington, Washington",20,"McClellan Drive, Arlington","9/1/2019 - 9/30/2019, Every day, Daily Average",553,357,855
186,"20001, Northwest Washington, Washington",21,"3600 North Vernon Street, Old Glebe, Arlington","9/1/2019 - 9/30/2019, Every day, Daily Average",1040,783,1379
186,"20001, Northwest Washington, Washington",22,"6500 Park View Court, West Springfield","9/1/2019 - 9/30/2019, Every day, Daily Average",1777,1372,2300
186,"20001, Northwest Washington, Washington",23,"6500 Bellamine Court, McLean","9/1/2019 - 9/30/2019, Every day, Daily Average",1241,963,1597
186,"20001, Northwest Washington, Washington",24,"8600 Brook Road, McLean","9/1/2019 - 9/30/2019, Every day, Daily Average",1647,1282,2114
186,"20001, Northwest Washington, Washington",25,"8200 Mockingbird Drive, Annandale","9/1/2019 - 9/30/2019, Every day, Daily Average",1569,1192,2063
186,"20001, Northwest Washington, Washington",26,"9400 Pamlico Lane, Great Falls","9/1/2019 - 9/30/2019, Every day, Daily Average",1530,1151,2032
186,"20001, Northwest Washington, Washington",27,"6200 Everglades Drive, Alexandria","9/1/2019 - 9/30/2019, Every day, Daily Average",1365,999,1864
186,"20001, Northwest Washington, Washington",28,"2100 North Scott Street, North Highland, Arlington","9/1/2019 - 9/30/2019, Every day, Daily Average",802,571,1126
186,"20001, Northwest Washington, Washington",29,"700 Carpenter Road, Potomac Yard, Alexandria","9/1/2019 - 9/30/2019, Every day, Daily Average",853,615,1182
186,"20001, Northwest Washington, Washington",30,"0 Auburn Court, Potomac West, Alexandria","9/1/2019 - 9/30/2019, Every day, Daily Average",1009,736,1383
186,"20001, Northwest Washington, Washington",31,"1000 C Street Northeast, Northeast Washington, Washington","9/1/2019 - 9/30/2019, Every day, Daily Average",735,545,990
186,"20001, Northwest Washington, Washington",32,"2600 13th Street Northwest, Northwest Washington, Washington","9/1/2019 - 9/30/2019, Every day, Daily Average",699,519,940
186,"20001, Northwest Washington, Washington",33,"4400 E Street Southeast, Benning Ridge, Washington","9/1/2019 - 9/30/2019, Every day, Daily Average",1354,989,1853
186,"20001, Northwest Washington, Washington",34,"1700 Independence Avenue Southeast, Southeast Washington, Washington","9/1/2019 - 9/30/2019, Every day, Daily Average",990,756,1294
186,"20001, Northwest Washington, Washington",35,"2100 1st Street Northwest, Northwest Washington, Washington","9/1/2019 - 9/30/2019, Every day, Daily Average",780,554,1096
186,"20001, Northwest Washington, Washington",36,"500 17th Street Northeast, Northeast Washington, Washington","9/1/2019 - 9/30/2019, Every day, Daily Average",945,709,1257
186,"20001, Northwest Washington, Washington",37,"3500 Toledo Terrace, Chillum","9/1/2019 - 9/30/2019, Every day, Daily Average",1826,1422,2343
186,"20001, Northwest Washington, Washington",38,"5300 Westport Road, Chevy Chase","9/1/2019 - 9/30/2019, Every day, Daily Average",1631,1310,2029
186,"20001, Northwest Washington, Washington",39,"Woodrow Wilson Memorial Bridge, Old Town, Alexandria","9/1/2019 - 9/30/2019, Every day, Daily Average",1227,922,1632
186,"20001, Northwest Washington, Washington",40,"6000 Rixey Drive, Fair Haven, Alexandria","9/1/2019 - 9/30/2019, Every day, Daily Average",1407,1076,1838
186,"20001, Northwest Washington, Washington",41,"2000 Rosedale Street Northeast, Northeast Washington, Washington","9/1/2019 - 9/30/2019, Every day, Daily Average",1055,797,1396
186,"20001, Northwest Washington, Washington",42,"4200 10th Street Northeast, Northeast Washington, Washington","9/1/2019 - 9/30/2019, Every day, Daily Average",1120,840,1492
186,"20001, Northwest Washington, Washington",43,"900 Randolph Street Northwest, Northwest Washington, Washington","9/1/2019 - 9/30/2019, Every day, Daily Average",1047,807,1357
186,"20001, Northwest Washington, Washington",44,"1200 New Jersey Avenue Southeast, Southeast Washington, Washington","9/1/2019 - 9/30/2019, Every day, Daily Average",533,355,799
186,"20001, Northwest Washington, Washington",45,"0 L Place Northwest, Northwest Washington, Washington","9/1/2019 - 9/30/2019, Every day, Daily Average",207,77,550
186,"20001, Northwest Washington, Washington",46,"1900 Anacostia Drive, Southeast Washington, Washington","9/1/2019 - 9/30/2019, Every day, Daily Average",738,518,1051
186,"20001, Northwest Washington, Washington",47,"0 S Street Northwest, Northwest Washington, Washington","9/1/2019 - 9/30/2019, Every day, Daily Average",660,460,945
186,"20001, Northwest Washington, Washington",48,"3500 Commodore Joshua Barney Drive Northeast, Northeast Washington, Washington","9/1/2019 - 9/30/2019, Every day, Daily Average",1084,746,1574
186,"20001, Northwest Washington, Washington",49,"2700 10th Street Northeast, Northeast Washington, Washington","9/1/2019 - 9/30/2019, Every day, Daily Average",1019,740,1401
186,"20001, Northwest Washington, Washington",50,"5700 Chevy Chase Parkway Northwest, Northwest Washington, Washington","9/1/2019 - 9/30/2019, Every day, Daily Average",1584,1273,1970
186,"20001, Northwest Washington, Washington",51,"1300 Underwood Street Northwest, Northwest Washington, Washington","9/1/2019 - 9/30/2019, Every day, Daily Average",1487,1161,1903
186,"20001, Northwest Washington, Washington",52,"200 Quackenbos Street Northwest, Northwest Washington, Washington","9/1/2019 - 9/30/2019, Every day, Daily Average",1331,1040,1701
186,"20001, Northwest Washington, Washington",53,"600 Atlantic Street Southeast, Southeast Washington, Washington","9/1/2019 - 9/30/2019, Every day, Daily Average",1201,869,1659
186,"20001, Northwest Washington, Washington",54,"3300 Clay Street Northeast, Northeast Washington, Washington","9/1/2019 - 9/30/2019, Every day, Daily Average",871,622,1219
186,"20001, Northwest Washington, Washington",55,"500 Q Street Northwest, Northwest Washington, Washington","9/1/2019 - 9/30/2019, Every day, Daily Average",402,243,662
186,"20001, Northwest Washington, Washington",56,"Center Leg Freeway, Southwest Washington, Washington","9/1/2019 - 9/30/2019, Every day, Daily Average",443,288,679
186,"20001, Northwest Washington, Washington",57,"600 Edgewood Street Northeast, Northeast Washington, Washington","9/1/2019 - 9/30/2019, Every day, Daily Average",858,621,1183
186,"20001, Northwest Washington, Washington",58,"3100 13th Street Northwest, Northwest Washington, Washington","9/1/2019 - 9/30/2019, Every day, Daily Average",852,634,1144
186,"20001, Northwest Washington, Washington",59,"2800 45th Street Northwest, Northwest Washington, Washington","9/1/2019 - 9/30/2019, Every day, Daily Average",1201,918,1570
186,"20001, Northwest Washington, Washington",60,"3200 Dubois Place Southeast, Southeast Washington, Washington","9/1/2019 - 9/30/2019, Every day, Daily Average",847,586,1223
186,"20001, Northwest Washington, Washington",61,"1400 15th Street Northwest, Northwest Washington, Washington","9/1/2019 - 9/30/2019, Every day, Daily Average",380,243,592
186,"20001, Northwest Washington, Washington",62,"1800 W Street Southeast, Southeast Washington, Washington","9/1/2019 - 9/30/2019, Every day, Daily Average",1070,750,1525
186,"20001, Northwest Washington, Washington",63,"4400 40th Street, Brentwood","9/1/2019 - 9/30/2019, Every day, Daily Average",1529,1169,1998
186,"20001, Northwest Washington, Washington",64,"1800 Ontario Place Northwest, Northwest Washington, Washington","9/1/2019 - 9/30/2019, Every day, Daily Average",948,709,1266
186,"20001, Northwest Washington, Washington",65,"1900 15th Street Northwest, Northwest Washington, Washington","9/1/2019 - 9/30/2019, Every day, Daily Average",568,402,801
186,"20001, Northwest Washington, Washington",66,"1400 K Street Northwest, Northwest Washington, Washington","9/1/2019 - 9/30/2019, Every day, Daily Average",195,88,431
186,"20001, Northwest Washington, Washington",67,"900 Q Street Northwest, Northwest Washington, Washington","9/1/2019 - 9/30/2019, Every day, Daily Average",392,248,619
186,"20001, Northwest Washington, Washington",68,"8800 Springfield Road, Laurel","9/1/2019 - 9/30/2019, Every day, Daily Average",1773,1302,2413
186,"20001, Northwest Washington, Washington",69,"12500 Farm Road, Greater Upper Marlboro, Upper Marlboro","9/1/2019 - 9/30/2019, Every day, Daily Average",1735,1409,2135
186,"20001, Northwest Washington, Washington",70,"3600 Anton Terrace, District Heights","9/1/2019 - 9/30/2019, Every day, Daily Average",1635,1218,2194
186,"20001, Northwest Washington, Washington",71,"5600 Somerset House II, Wisconsin Avenue, Chevy Chase","9/1/2019 - 9/30/2019, Every day, Daily Average",1676,1350,2079
186,"20001, Northwest Washington, Washington",72,"4900 Hampden Lane, Bethesda","9/1/2019 - 9/30/2019, Every day, Daily Average",1898,1549,2324
186,"20001, Northwest Washington, Washington",73,"3300 Chillum Road, Mount Rainier","9/1/2019 - 9/30/2019, Every day, Daily Average",1422,1097,1842
186,"20001, Northwest Washington, Washington",74,"11100 Rodeo Court, Upper Marlboro","9/1/2019 - 9/30/2019, Every day, Daily Average",1682,1342,2107
186,"20001, Northwest Washington, Washington",75,"4900 Blackfoot Road, Hollywood, College Park","9/1/2019 - 9/30/2019, Every day, Daily Average",1998,1587,2514
186,"20001, Northwest Washington, Washington",76,"7300 16th Place, Hyattsville","9/1/2019 - 9/30/2019, Every day, Daily Average",1861,1453,2382
186,"20001, Northwest Washington, Washington",77,"3200 Donnell Drive, Forestville","9/1/2019 - 9/30/2019, Every day, Daily Average",1529,1150,2032
186,"20001, Northwest Washington, Washington",78,"5000 Roseld Court, Oxon Hill","9/1/2019 - 9/30/2019, Every day, Daily Average",1415,1015,1971
186,"20001, Northwest Washington, Washington",79,"2200 Washington Avenue, Silver Spring","9/1/2019 - 9/30/2019, Every day, Daily Average",1804,1437,2264
186,"20001, Northwest Washington, Washington",80,"3100 West Avenue, District Heights","9/1/2019 - 9/30/2019, Every day, Daily Average",1528,1151,2026
186,"20001, Northwest Washington, Washington",81,"1600 Nova Avenue, Capitol Heights","9/1/2019 - 9/30/2019, Every day, Daily Average",1282,942,1744
186,"20001, Northwest Washington, Washington",82,"2000 South Eads Street, Crystal City, Arlington","9/1/2019 - 9/30/2019, Every day, Daily Average",744,496,1114
186,"20001, Northwest Washington, Washington",83,"500 Ethan Allen Avenue, Takoma Park","9/1/2019 - 9/30/2019, Every day, Daily Average",1538,1174,2013
186,"20001, Northwest Washington, Washington",84,"7700 Oxman Road, Hyattsville","9/1/2019 - 9/30/2019, Every day, Daily Average",1525,1141,2037
186,"20001, Northwest Washington, Washington",85,"100 Lakeside Drive, Greenbelt","9/1/2019 - 9/30/2019, Every day, Daily Average",1565,1196,2046
186,"20001, Northwest Washington, Washington",86,"9100 Fairview Road, Silver Spring","9/1/2019 - 9/30/2019, Every day, Daily Average",2020,1664,2451
186,"20001, Northwest Washington, Washington",87,"7600 Greenbrook Drive, Greenbelt","9/1/2019 - 9/30/2019, Every day, Daily Average",1518,1136,2027
186,"20001, Northwest Washington, Washington",88,"5000 Newport Avenue, Bethesda","9/1/2019 - 9/30/2019, Every day, Daily Average",1501,1198,1880
186,"20001, Northwest Washington, Washington",89,"10000 Oaklyn Drive, Potomac","9/1/2019 - 9/30/2019, Every day, Daily Average",1522,1201,1927
186,"20001, Northwest Washington, Washington",90,"11400 Macarthur Boulevard Northwest, Potomac","9/1/2019 - 9/30/2019, Every day, Daily Average",1486,1144,1929
186,"20001, Northwest Washington, Washington",91,"6400 Walhonding Road, Bethesda","9/1/2019 - 9/30/2019, Every day, Daily Average",1473,1162,1866
186,"20001, Northwest Washington, Washington",92,"3100 North Nelson Street, Bellevue Forest, Arlington","9/1/2019 - 9/30/2019, Every day, Daily Average",905,664,1233
186,"20001, Northwest Washington, Washington",93,"6400 Vale Street, Alexandria","9/1/2019 - 9/30/2019, Every day, Daily Average",1178,856,1620
186,"20001, Northwest Washington, Washington",94,"6300 8th Circle, Alexandria","9/1/2019 - 9/30/2019, Every day, Daily Average",1087,794,1487
186,"20001, Northwest Washington, Washington",95,"1800 South Stafford Street, Douglas Park, Arlington","9/1/2019 - 9/30/2019, Every day, Daily Average",949,715,1259
186,"20001, Northwest Washington, Washington",96,"7300 Beverly Street, Annandale","9/1/2019 - 9/30/2019, Every day, Daily Average",1513,1160,1972
186,"20001, Northwest Washington, Washington",97,"5500 Jowett Court, Alexandria","9/1/2019 - 9/30/2019, Every day, Daily Average",1590,1226,2060
186,"20001, Northwest Washington, Washington",98,"1600 13th Road South, Arlington Views, Arlington","9/1/2019 - 9/30/2019, Every day, Daily Average",604,419,870
186,"20001, Northwest Washington, Washington",99,"3800 Pinewood Terrace, Falls Church","9/1/2019 - 9/30/2019, Every day, Daily Average",1600,1185,2158
186,"20001, Northwest Washington, Washington",100,"1200 Oronoco Street, Old Town West, Alexandria","9/1/2019 - 9/30/2019, Every day, Daily Average",996,731,1356
186,"20001, Northwest Washington, Washington",101,"100 South Fayette Street, Old Town, Alexandria","9/1/2019 - 9/30/2019, Every day, Daily Average",1143,848,1539
186,"20001, Northwest Washington, Washington",102,"3700 South George Mason Drive, Falls Church","9/1/2019 - 9/30/2019, Every day, Daily Average",1085,788,1492
186,"20001, Northwest Washington, Washington",103,"600 South Ball Street, Crystal City, Arlington","9/1/2019 - 9/30/2019, Every day, Daily Average",588,381,905
186,"20001, Northwest Washington, Washington",104,"2500 Jackson Parkway, Vienna","9/1/2019 - 9/30/2019, Every day, Daily Average",1482,1132,1939
186,"20001, Northwest Washington, Washington",105,"Dwight D. Eisenhower Southwest Freeway, Southwest Washington, Washington","9/1/2019 - 9/30/2019, Every day, Daily Average",357,214,594
186,"20001, Northwest Washington, Washington",106,"5800 Cameron Run Terrace, Alexandria","9/1/2019 - 9/30/2019, Every day, Daily Average",1342,997,1806
186,"20001, Northwest Washington, Washington",107,"4000 Ellicott Street, Seminary Hill, Alexandria","9/1/2019 - 9/30/2019, Every day, Daily Average",873,623,1222
186,"20001, Northwest Washington, Washington",108,"100 57th Place Southeast, Southeast Washington, Washington","9/1/2019 - 9/30/2019, Every day, Daily Average",1458,1154,1841
186,"20001, Northwest Washington, Washington",109,"7200 Wesley Road, Springfield","9/1/2019 - 9/30/2019, Every day, Daily Average",1324,997,1757
186,"20001, Northwest Washington, Washington",110,"800 West Braddock Road, Rosemont, Alexandria","9/1/2019 - 9/30/2019, Every day, Daily Average",1030,749,1416
186,"20001, Northwest Washington, Washington",111,"Perimeter East Road Southwest, Southwest Washington, Washington","9/1/2019 - 9/30/2019, Every day, Daily Average",1034,747,1431
186,"20001, Northwest Washington, Washington",112,"Willow Street Southeast, Southeast Washington, Washington","9/1/2019 - 9/30/2019, Every day, Daily Average",796,557,1135
186,"20001, Northwest Washington, Washington",113,"400 50th Street Southeast, Southeast Washington, Washington","9/1/2019 - 9/30/2019, Every day, Daily Average",1404,1088,1810
186,"20001, Northwest Washington, Washington",114,"5300 Call Place Southeast, Southeast Washington, Washington","9/1/2019 - 9/30/2019, Every day, Daily Average",1397,1088,1792
186,"20001, Northwest Washington, Washington",115,"4700 B Street Southeast, Southeast Washington, Washington","9/1/2019 - 9/30/2019, Every day, Daily Average",1367,1051,1777
186,"20001, Northwest Washington, Washington",116,"100 Jefferson Street Northwest, Northwest Washington, Washington","9/1/2019 - 9/30/2019, Every day, Daily Average",1219,929,1598
186,"20001, Northwest Washington, Washington",117,"4800 Illinois Avenue Northwest, Northwest Washington, Washington","9/1/2019 - 9/30/2019, Every day, Daily Average",1201,934,1543
186,"20001, Northwest Washington, Washington",118,"100 Emerson Street Northwest, Northwest Washington, Washington","9/1/2019 - 9/30/2019, Every day, Daily Average",1122,852,1476
186,"20001, Northwest Washington, Washington",119,"200 10th Street Southeast, Southeast Washington, Washington","9/1/2019 - 9/30/2019, Every day, Daily Average",809,603,1084
186,"20001, Northwest Washington, Washington",120,"300 Varnum Street Northwest, Northwest Washington, Washington","9/1/2019 - 9/30/2019, Every day, Daily Average",1133,884,1451
186,"20001, Northwest Washington, Washington",121,"0 T Street Southwest, Southwest Washington, Washington","9/1/2019 - 9/30/2019, Every day, Daily Average",624,421,922
186,"20001, Northwest Washington, Washington",122,"100 E Street Southeast, Southeast Washington, Washington","9/1/2019 - 9/30/2019, Every day, Daily Average",497,322,765
186,"20001, Northwest Washington, Washington",123,"600 Independence Avenue Southeast, Southeast Washington, Washington","9/1/2019 - 9/30/2019, Every day, Daily Average",694,505,951
186,"20001, Northwest Washington, Washington",124,"1400 4th Street Southwest, Southwest Washington, Washington","9/1/2019 - 9/30/2019, Every day, Daily Average",572,388,842
186,"20001, Northwest Washington, Washington",125,"1600 D Street Southeast, Southeast Washington, Washington","9/1/2019 - 9/30/2019, Every day, Daily Average",857,633,1159
186,"20001, Northwest Washington, Washington",126,"2300 Hartford Street Southeast, Southeast Washington, Washington","9/1/2019 - 9/30/2019, Every day, Daily Average",1244,870,1777
186,"20001, Northwest Washington, Washington",127,"1300 E Street Northeast, Northeast Washington, Washington","9/1/2019 - 9/30/2019, Every day, Daily Average",854,635,1146
186,"20001, Northwest Washington, Washington",128,"3500 19th Street Southeast, Southeast Washington, Washington","9/1/2019 - 9/30/2019, Every day, Daily Average",1277,903,1805
186,"20001, Northwest Washington, Washington",129,"800 51st Street Northeast, Northeast Washington, Washington","9/1/2019 - 9/30/2019, Every day, Daily Average",1157,823,1626
186,"20001, Northwest Washington, Washington",130,"3800 22nd Street Northeast, Northeast Washington, Washington","9/1/2019 - 9/30/2019, Every day, Daily Average",1290,990,1679
186,"20001, Northwest Washington, Washington",131,"200 Taylor Street Northeast, Northeast Washington, Washington","9/1/2019 - 9/30/2019, Every day, Daily Average",1006,751,1346
186,"20001, Northwest Washington, Washington",132,"1600 Buchanan Street Northeast, Northeast Washington, Washington","9/1/2019 - 9/30/2019, Every day, Daily Average",1243,942,1639
186,"20001, Northwest Washington, Washington",133,"200 Oneida Street Northeast, Northeast Washington, Washington","9/1/2019 - 9/30/2019, Every day, Daily Average",1275,978,1661
186,"20001, Northwest Washington, Washington",134,"1400 Allison Street Northwest, Northwest Washington, Washington","9/1/2019 - 9/30/2019, Every day, Daily Average",1127,879,1444
186,"20001, Northwest Washington, Washington",135,"Scale Gate Road Northeast, Northwest Washington, Washington","9/1/2019 - 9/30/2019, Every day, Daily Average",921,670,1264
186,"20001, Northwest Washington, Washington",136,"700 Taylor Street Northwest, Northwest Washington, Washington","9/1/2019 - 9/30/2019, Every day, Daily Average",1044,790,1378
186,"20001, Northwest Washington, Washington",137,"1700 Willard Street Northwest, Northwest Washington, Washington","9/1/2019 - 9/30/2019, Every day, Daily Average",642,456,903
186,"20001, Northwest Washington, Washington",138,"500 8th Street Southeast, Southeast Washington, Washington","9/1/2019 - 9/30/2019, Every day, Daily Average",617,416,913
186,"20001, Northwest Washington, Washington",139,"1400 Southeast Boulevard, Southeast Washington, Washington","9/1/2019 - 9/30/2019, Every day, Daily Average",558,380,819
186,"20001, Northwest Washington, Washington",140,"400 14th Street Southeast, Southeast Washington, Washington","9/1/2019 - 9/30/2019, Every day, Daily Average",759,555,1037
186,"20001, Northwest Washington, Washington",141,"600 Nicholson Street Northeast, Northeast Washington, Washington","9/1/2019 - 9/30/2019, Every day, Daily Average",1346,1057,1713
186,"20001, Northwest Washington, Washington",142,"100 Ingraham Street Northeast, Northeast Washington, Washington","9/1/2019 - 9/30/2019, Every day, Daily Average",1179,893,1556
186,"20001, Northwest Washington, Washington",143,"800 Delafield Street Northeast, Northeast Washington, Washington","9/1/2019 - 9/30/2019, Every day, Daily Average",1374,1012,1864
186,"20001, Northwest Washington, Washington",144,"1700 19th Street Northwest, Northwest Washington, Washington","9/1/2019 - 9/30/2019, Every day, Daily Average",649,465,905
186,"20001, Northwest Washington, Washington",145,"1100 Varney Street Southeast, Southeast Washington, Washington","9/1/2019 - 9/30/2019, Every day, Daily Average",1330,985,1794
186,"20001, Northwest Washington, Washington",146,"3800 8th Street Southeast, Southeast Washington, Washington","9/1/2019 - 9/30/2019, Every day, Daily Average",1175,839,1645
186,"20001, Northwest Washington, Washington",147,"3400 17th Street Northwest, Northwest Washington, Washington","9/1/2019 - 9/30/2019, Every day, Daily Average",1008,775,1309
186,"20001, Northwest Washington, Washington",148,"1400 Ogden Street Northwest, Northwest Washington, Washington","9/1/2019 - 9/30/2019, Every day, Daily Average",1000,773,1292
186,"20001, Northwest Washington, Washington",149,"1400 Irving Street Northwest, Northwest Washington, Washington","9/1/2019 - 9/30/2019, Every day, Daily Average",861,645,1148
186,"20001, Northwest Washington, Washington",150,"1200 13th Street Northwest, Northwest Washington, Washington","9/1/2019 - 9/30/2019, Every day, Daily Average",284,172,468
186,"20001, Northwest Washington, Washington",151,"100 3rd Street Northeast, Northeast Washington, Washington","9/1/2019 - 9/30/2019, Every day, Daily Average",550,395,764
186,"20001, Northwest Washington, Washington",152,"600 Acker Place Northeast, Northeast Washington, Washington","9/1/2019 - 9/30/2019, Every day, Daily Average",645,476,873
186,"20001, Northwest Washington, Washington",153,"900 10th Street Northeast, Northeast Washington, Washington","9/1/2019 - 9/30/2019, Every day, Daily Average",726,530,994
186,"20001, Northwest Washington, Washington",154,"200 M Street Northeast, Northeast Washington, Washington","9/1/2019 - 9/30/2019, Every day, Daily Average",502,332,756
186,"20001, Northwest Washington, Washington",155,"100 T Street Northeast, Northeast Washington, Washington","9/1/2019 - 9/30/2019, Every day, Daily Average",702,495,995
186,"20001, Northwest Washington, Washington",156,"100 13th Street Northeast, Northeast Washington, Washington","9/1/2019 - 9/30/2019, Every day, Daily Average",865,634,1178
186,"20001, Northwest Washington, Washington",157,"300 U Street Northeast, Northeast Washington, Washington","9/1/2019 - 9/30/2019, Every day, Daily Average",633,398,1004
186,"20001, Northwest Washington, Washington",158,"300 Burbank Street Southeast, Southeast Washington, Washington","9/1/2019 - 9/30/2019, Every day, Daily Average",1217,888,1667
186,"20001, Northwest Washington, Washington",159,"1100 45th Place Southeast, Southeast Washington, Washington","9/1/2019 - 9/30/2019, Every day, Daily Average",1406,1033,1912
186,"20001, Northwest Washington, Washington",160,"500 42nd Street Northeast, Northeast Washington, Washington","9/1/2019 - 9/30/2019, Every day, Daily Average",1109,794,1547
186,"20001, Northwest Washington, Washington",161,"4900 Eads Place Northeast, Lincoln Heights, Washington","9/1/2019 - 9/30/2019, Every day, Daily Average",1207,867,1679
186,"20001, Northwest Washington, Washington",162,"800 Washburn Arts Center, Florida Avenue Northeast, Northeast Washington, Washington","9/1/2019 - 9/30/2019, Every day, Daily Average",715,474,1076
186,"20001, Northwest Washington, Washington",163,"1300 Mount Olivet Road Northeast, Northeast Washington, Washington","9/1/2019 - 9/30/2019, Every day, Daily Average",872,605,1255
186,"20001, Northwest Washington, Washington",164,"1700 Lang Place Northeast, Northeast Washington, Washington","9/1/2019 - 9/30/2019, Every day, Daily Average",1017,742,1393
186,"20001, Northwest Washington, Washington",165,"800 21st Street Northeast, Northeast Washington, Washington","9/1/2019 - 9/30/2019, Every day, Daily Average",1009,727,1400
186,"20001, Northwest Washington, Washington",166,"1300 Orren Street Northeast, Northeast Washington, Washington","9/1/2019 - 9/30/2019, Every day, Daily Average",836,593,1176
186,"20001, Northwest Washington, Washington",167,"4100 1st Street Southeast, Southeast Washington, Washington","9/1/2019 - 9/30/2019, Every day, Daily Average",1141,791,1644
186,"20001, Northwest Washington, Washington",168,"1800 E Street Northeast, Northwest Washington, Washington","9/1/2019 - 9/30/2019, Every day, Daily Average",517,328,813
186,"20001, Northwest Washington, Washington",169,"Meadow Road Northeast, Northeast Washington, Washington","9/1/2019 - 9/30/2019, Every day, Daily Average",1007,686,1476
186,"20001, Northwest Washington, Washington",170,"900 Brentwood Road Northeast, Northeast Washington, Washington","9/1/2019 - 9/30/2019, Every day, Daily Average",806,507,1280
186,"20001, Northwest Washington, Washington",171,"4200 4th Street Southeast, Southeast Washington, Washington","9/1/2019 - 9/30/2019, Every day, Daily Average",1236,876,1742
186,"20001, Northwest Washington, Washington",172,"700 55th Street Northeast, Northeast Washington, Washington","9/1/2019 - 9/30/2019, Every day, Daily Average",1283,953,1725
186,"20001, Northwest Washington, Washington",173,"4500 45th Street Northwest, Northwest Washington, Washington","9/1/2019 - 9/30/2019, Every day, Daily Average",1382,1077,1772
186,"20001, Northwest Washington, Washington",174,"Massachusetts-39th Trail, Northwest Washington, Washington","9/1/2019 - 9/30/2019, Every day, Daily Average",1193,925,1537
186,"20001, Northwest Washington, Washington",175,"2100 Lincoln Road Northeast, Northeast Washington, Washington","9/1/2019 - 9/30/2019, Every day, Daily Average",761,547,1057
186,"20001, Northwest Washington, Washington",176,"4800 Meade Street Northeast, Deanwood, Washington","9/1/2019 - 9/30/2019, Every day, Daily Average",1185,841,1668
186,"20001, Northwest Washington, Washington",177,"6000 Clay Street Northeast, Northeast Washington, Washington","9/1/2019 - 9/30/2019, Every day, Daily Average",1425,1072,1892
186,"20001, Northwest Washington, Washington",178,"3100 Chancellor's Way Northeast, Northeast Washington, Washington","9/1/2019 - 9/30/2019, Every day, Daily Average",956,697,1309
186,"20001, Northwest Washington, Washington",179,"1500 Kearny Street Northeast, Northeast Washington, Washington","9/1/2019 - 9/30/2019, Every day, Daily Average",1164,858,1578
186,"20001, Northwest Washington, Washington",180,"5100 39th Street Northwest, Northwest Washington, Washington","9/1/2019 - 9/30/2019, Every day, Daily Average",1461,1159,1840
186,"20001, Northwest Washington, Washington",181,"400 Butternut Street Northwest, Northwest Washington, Washington","9/1/2019 - 9/30/2019, Every day, Daily Average",1457,1158,1832
186,"20001, Northwest Washington, Washington",182,"3600 Alton Place Northwest, Northwest Washington, Washington","9/1/2019 - 9/30/2019, Every day, Daily Average",1294,1007,1661
186,"20001, Northwest Washington, Washington",183,"3300 6th Street Southeast, Southeast Washington, Washington","9/1/2019 - 9/30/2019, Every day, Daily Average",1158,847,1582
186,"20001, Northwest Washington, Washington",184,"700 Fern Place Northwest, Northwest Washington, Washington","9/1/2019 - 9/30/2019, Every day, Daily Average",1514,1222,1875
186,"20001, Northwest Washington, Washington",185,"700 Quackenbos Street Northwest, Northwest Washington, Washington","9/1/2019 - 9/30/2019, Every day, Daily Average",1470,1157,1866
186,"20001, Northwest Washington, Washington",186,"20001, Northwest Washington, Washington","9/1/2019 - 9/30/2019, Every day, Daily Average",264,105,658
186,"20001, Northwest Washington, Washington",187,"1600 13th Street Northwest, Northwest Washington, Washington","9/1/2019 - 9/30/2019, Every day, Daily Average",444,310,634
186,"20001, Northwest Washington, Washington",188,"4200 Martin Luther King Junior Avenue Southwest, Southwest Washington, Washington","9/1/2019 - 9/30/2019, Every day, Daily Average",913,654,1272
186,"20001, Northwest Washington, Washington",189,"100 Wilmington Place Southeast, Southeast Washington, Washington","9/1/2019 - 9/30/2019, Every day, Daily Average",1073,758,1517
186,"20001, Northwest Washington, Washington",190,"900 M Street Northwest, Northwest Washington, Washington","9/1/2019 - 9/30/2019, Every day, Daily Average",211,80,552
186,"20001, Northwest Washington, Washington",191,"1300 Gallatin Street Northwest, Northwest Washington, Washington","9/1/2019 - 9/30/2019, Every day, Daily Average",1220,957,1554
186,"20001, Northwest Washington, Washington",192,"5400 8th Street Northwest, Northwest Washington, Washington","9/1/2019 - 9/30/2019, Every day, Daily Average",1331,1039,1704
186,"20001, Northwest Washington, Washington",193,"3500 13th Street Northwest, Northwest Washington, Washington","9/1/2019 - 9/30/2019, Every day, Daily Average",956,738,1237
186,"20001, Northwest Washington, Washington",194,"700 Lamont Street Northwest, Northwest Washington, Washington","9/1/2019 - 9/30/2019, Every day, Daily Average",870,641,1179
186,"20001, Northwest Washington, Washington",195,"500 Lamont Street Northwest, Northwest Washington, Washington","9/1/2019 - 9/30/2019, Every day, Daily Average",877,635,1210
186,"20001, Northwest Washington, Washington",196,"2400 5th Street Northwest, Northwest Washington, Washington","9/1/2019 - 9/30/2019, Every day, Daily Average",604,415,877
186,"20001, Northwest Washington, Washington",197,"2400 Sherman Avenue Northwest, Northwest Washington, Washington","9/1/2019 - 9/30/2019, Every day, Daily Average",668,464,959
186,"20001, Northwest Washington, Washington",198,"0 Peluca Alley, Northwest Washington, Washington","9/1/2019 - 9/30/2019, Every day, Daily Average",694,510,943
186,"20001, Northwest Washington, Washington",199,"1700 Kalorama Road Northwest, Northwest Washington, Washington","9/1/2019 - 9/30/2019, Every day, Daily Average",773,560,1065
186,"20001, Northwest Washington, Washington",200,"2400 20th Street Northwest, Northwest Washington, Washington","9/1/2019 - 9/30/2019, Every day, Daily Average",784,582,1056
186,"20001, Northwest Washington, Washington",201,"1800 California Street Northwest, Northwest Washington, Washington","9/1/2019 - 9/30/2019, Every day, Daily Average",760,558,1035
186,"20001, Northwest Washington, Washington",202,"1300 Talbert Terrace Southeast, Southeast Washington, Washington","9/1/2019 - 9/30/2019, Every day, Daily Average",950,662,1362
186,"20001, Northwest Washington, Washington",203,"1100 Connecticut Avenue Northwest, Northwest Washington, Washington","9/1/2019 - 9/30/2019, Every day, Daily Average",484,313,747
186,"20001, Northwest Washington, Washington",204,"Rafik B. Hariri Building, Northwest Washington, Washington","9/1/2019 - 9/30/2019, Every day, Daily Average",1065,765,1482
186,"20001, Northwest Washington, Washington",205,"4000 Highwood Court Northwest, Northwest Washington, Washington","9/1/2019 - 9/30/2019, Every day, Daily Average",1217,918,1612
186,"20001, Northwest Washington, Washington",206,"0 Observatory Circle Northwest, Northwest Washington, Washington","9/1/2019 - 9/30/2019, Every day, Daily Average",980,739,1298
186,"20001, Northwest Washington, Washington",207,"4300 Ivymount Court, Annandale","9/1/2019 - 9/30/2019, Every day, Daily Average",1670,1245,2239
186,"20001, Northwest Washington, Washington",208,"2800 Cathedral Avenue Northwest, Northwest Washington, Washington","9/1/2019 - 9/30/2019, Every day, Daily Average",985,746,1300
186,"20001, Northwest Washington, Washington",209,"1200 U Street Northwest, Northwest Washington, Washington","9/1/2019 - 9/30/2019, Every day, Daily Average",545,386,768
186,"20001, Northwest Washington, Washington",210,"1400 1st Street Northwest, Northwest Washington, Washington","9/1/2019 - 9/30/2019, Every day, Daily Average",515,318,831
186,"20001, Northwest Washington, Washington",211,"1200 5th Street Northwest, Northwest Washington, Washington","9/1/2019 - 9/30/2019, Every day, Daily Average",219,87,545
186,"20001, Northwest Washington, Washington",212,"800 Howard Road Southeast, Southeast Washington, Washington","9/1/2019 - 9/30/2019, Every day, Daily Average",691,471,1011
186,"20001, Northwest Washington, Washington",213,"2000 Savannah Terrace Southeast, Southeast Washington, Washington","9/1/2019 - 9/30/2019, Every day, Daily Average",1044,743,1465
186,"20001, Northwest Washington, Washington",214,"3200 Highland Place Northwest, Northwest Washington, Washington","9/1/2019 - 9/30/2019, Every day, Daily Average",1133,875,1466
186,"20001, Northwest Washington, Washington",215,"3800 Klingle Place Northwest, Northwest Washington, Washington","9/1/2019 - 9/30/2019, Every day, Daily Average",1094,836,1430
186,"20001, Northwest Washington, Washington",216,"2600 39th Street Northwest, Northwest Washington, Washington","9/1/2019 - 9/30/2019, Every day, Daily Average",1198,896,1601
186,"20001, Northwest Washington, Washington",217,"1500 Tobias Drive Southeast, Southeast Washington, Washington","9/1/2019 - 9/30/2019, Every day, Daily Average",945,656,1361
186,"20001, Northwest Washington, Washington",218,"1700 Kenyon Street Northwest, Northwest Washington, Washington","9/1/2019 - 9/30/2019, Every day, Daily Average",940,711,1241
186,"20001, Northwest Washington, Washington",219,"Groff Court Northeast, Northeast Washington, Washington","9/1/2019 - 9/30/2019, Every day, Daily Average",558,396,785
186,"20001, Northwest Washington, Washington",220,"1400 Mississippi Avenue Southeast, Southeast Washington, Washington","9/1/2019 - 9/30/2019, Every day, Daily Average",1229,904,1669
186,"20001, Northwest Washington, Washington",221,"1400 18th Place Southeast, Southeast Washington, Washington","9/1/2019 - 9/30/2019, Every day, Daily Average",622,423,913
186,"20001, Northwest Washington, Washington",222,"900 26th Street Northwest, Northwest Washington, Washington","9/1/2019 - 9/30/2019, Every day, Daily Average",732,518,1033
186,"20001, Northwest Washington, Washington",223,"400 3rd Street Northwest, Northwest Washington, Washington","9/1/2019 - 9/30/2019, Every day, Daily Average",234,112,488
186,"20001, Northwest Washington, Washington",224,"2400 Wagner Street Southeast, Southeast Washington, Washington","9/1/2019 - 9/30/2019, Every day, Daily Average",1171,824,1663
186,"20001, Northwest Washington, Washington",225,"2200 Chester Street Southeast, Southeast Washington, Washington","9/1/2019 - 9/30/2019, Every day, Daily Average",919,626,1348
186,"20001, Northwest Washington, Washington",226,"2800 Upton Street Northwest, Northwest Washington, Washington","9/1/2019 - 9/30/2019, Every day, Daily Average",1134,869,1479
186,"20001, Northwest Washington, Washington",227,"2500 Pomeroy Road Southeast, Southeast Washington, Washington","9/1/2019 - 9/30/2019, Every day, Daily Average",1026,730,1440
186,"20001, Northwest Washington, Washington",228,"1200 24th Street Northwest, Northwest Washington, Washington","9/1/2019 - 9/30/2019, Every day, Daily Average",670,478,938
186,"20001, Northwest Washington, Washington",229,"3900 Clay Place Northeast, Northeast Washington, Washington","9/1/2019 - 9/30/2019, Every day, Daily Average",1236,942,1620
186,"20001, Northwest Washington, Washington",230,"0 Olmsted Walk, Northwest Washington, Washington","9/1/2019 - 9/30/2019, Every day, Daily Average",884,664,1175
186,"20001, Northwest Washington, Washington",231,"4300 Russell Avenue, Mount Rainier","9/1/2019 - 9/30/2019, Every day, Daily Average",1370,1059,1771
186,"20001, Northwest Washington, Washington",232,"5100 Rockwood Parkway Northwest, Northwest Washington, Washington","9/1/2019 - 9/30/2019, Every day, Daily Average",1343,1044,1727
186,"20001, Northwest Washington, Washington",233,"600 10th Street Northeast, Northeast Washington, Washington","9/1/2019 - 9/30/2019, Every day, Daily Average",758,563,1019
186,"20001, Northwest Washington, Washington",234,"0 Discovery Communications, Discovery Place, Downtown Silver Spring, Silver Spring","9/1/2019 - 9/30/2019, Every day, Daily Average",1818,1476,2238
186,"20001, Northwest Washington, Washington",235,"600 Anacostia Avenue Northeast, Northeast Washington, Washington","9/1/2019 - 9/30/2019, Every day, Daily Average",898,648,1242
186,"20001, Northwest Washington, Washington",236,"0 Cleveland Avenue, Takoma Park","9/1/2019 - 9/30/2019, Every day, Daily Average",1708,1369,2130
186,"20001, Northwest Washington, Washington",237,"1400 Montague Street Northwest, Northwest Washington, Washington","9/1/2019 - 9/30/2019, Every day, Daily Average",1296,1018,1648
186,"20001, Northwest Washington, Washington",238,"3100 Erie Street Southeast, Southeast Washington, Washington","9/1/2019 - 9/30/2019, Every day, Daily Average",1112,799,1547
186,"20001, Northwest Washington, Washington",239,"5400 30th Street Northwest, Northwest Washington, Washington","9/1/2019 - 9/30/2019, Every day, Daily Average",1484,1178,1869
186,"20001, Northwest Washington, Washington",240,"1500 17th Street Northwest, Northwest Washington, Washington","9/1/2019 - 9/30/2019, Every day, Daily Average",476,316,716
186,"20001, Northwest Washington, Washington",241,"3900 Massachusetts Avenue Southeast, Southeast Washington, Washington","9/1/2019 - 9/30/2019, Every day, Daily Average",1130,799,1597
186,"20001, Northwest Washington, Washington",242,"5400 Duvall Drive, Bethesda","9/1/2019 - 9/30/2019, Every day, Daily Average",1559,1221,1988
186,"20001, Northwest Washington, Washington",243,"1400 Anacostia Avenue Northeast, Northeast Washington, Washington","9/1/2019 - 9/30/2019, Every day, Daily Average",1013,720,1424
186,"20001, Northwest Washington, Washington",244,"1300 South Hayes Street, Aurora Highlands, Arlington","9/1/2019 - 9/30/2019, Every day, Daily Average",671,465,967
186,"20001, Northwest Washington, Washington",245,"3300 M Street Northwest, Northwest Washington, Washington","9/1/2019 - 9/30/2019, Every day, Daily Average",984,712,1358
186,"20001, Northwest Washington, Washington",246,"Anacostia Riverwalk Trail, Northeast Washington, Washington","9/1/2019 - 9/30/2019, Every day, Daily Average",1090,782,1518
186,"20001, Northwest Washington, Washington",247,"5700 Marlboro Pike, District Heights","9/1/2019 - 9/30/2019, Every day, Daily Average",1427,1069,1903
186,"20001, Northwest Washington, Washington",248,"2300 California Street Northwest, Northwest Washington, Washington","9/1/2019 - 9/30/2019, Every day, Daily Average",772,568,1048
186,"20001, Northwest Washington, Washington",249,"3400 N Street Southeast, Southeast Washington, Washington","9/1/2019 - 9/30/2019, Every day, Daily Average",963,671,1381
186,"20001, Northwest Washington, Washington",250,"3000 Oxon Park Street, Temple Hills","9/1/2019 - 9/30/2019, Every day, Daily Average",1147,828,1588
186,"20001, Northwest Washington, Washington",251,"2900 Park Drive Southeast, Southeast Washington, Washington","9/1/2019 - 9/30/2019, Every day, Daily Average",869,595,1267
186,"20001, Northwest Washington, Washington",252,"1900 23rd Street Southeast, Southeast Washington, Washington","9/1/2019 - 9/30/2019, Every day, Daily Average",996,691,1434
186,"20001, Northwest Washington, Washington",253,"7200 Arrowhead Drive, Upper Marlboro","9/1/2019 - 9/30/2019, Every day, Daily Average",1794,1501,2144
186,"20001, Northwest Washington, Washington",254,"7700 Greentree Road, Bethesda","9/1/2019 - 9/30/2019, Every day, Daily Average",1659,1304,2109
186,"20001, Northwest Washington, Washington",255,"4800 Del Ray Avenue, Woodmont Triangle, Bethesda","9/1/2019 - 9/30/2019, Every day, Daily Average",2026,1643,2496
186,"20001, Northwest Washington, Washington",256,"6900 Arlington Road, Bethesda","9/1/2019 - 9/30/2019, Every day, Daily Average",1791,1467,2185
186,"20001, Northwest Washington, Washington",257,"7700 Wisconsin Avenue, Bethesda","9/1/2019 - 9/30/2019, Every day, Daily Average",1952,1584,2404
186,"20001, Northwest Washington, Washington",259,"6600 Peaceful Street, Clinton","9/1/2019 - 9/30/2019, Every day, Daily Average",1819,1431,2312
186,"20001, Northwest Washington, Washington",260,"1900 Addison Road South, District Heights","9/1/2019 - 9/30/2019, Every day, Daily Average",1746,1333,2286
186,"20001, Northwest Washington, Washington",261,"8400 Temple Hill Road, Temple Hills","9/1/2019 - 9/30/2019, Every day, Daily Average",1844,1527,2226
186,"20001, Northwest Washington, Washington",262,"6900 Ames Street, Morningside","9/1/2019 - 9/30/2019, Every day, Daily Average",1390,1069,1806
186,"20001, Northwest Washington, Washington",263,"1600 Tucker Road, Fort Washington","9/1/2019 - 9/30/2019, Every day, Daily Average",1482,1066,2060
186,"20001, Northwest Washington, Washington",264,"4200 Wandering Court, Temple Hills","9/1/2019 - 9/30/2019, Every day, Daily Average",1335,983,1812
186,"20001, Northwest Washington, Washington",265,"1800 Metzerott Road, Adelphi","9/1/2019 - 9/30/2019, Every day, Daily Average",1976,1565,2494
186,"20001, Northwest Washington, Washington",266,"3300 Gumwood Drive, Hyattsville","9/1/2019 - 9/30/2019, Every day, Daily Average",1892,1485,2409
186,"20001, Northwest Washington, Washington",267,"3900 Old Silver Hill Road, Suitland, Suitland-Silver Hill","9/1/2019 - 9/30/2019, Every day, Daily Average",1231,908,1667
186,"20001, Northwest Washington, Washington",268,"6300 Rosecroft Drive, Fort Washington","9/1/2019 - 9/30/2019, Every day, Daily Average",1536,1158,2036
186,"20001, Northwest Washington, Washington",269,"8300 Greensboro Drive, McLean","9/1/2019 - 9/30/2019, Every day, Daily Average",1817,1433,2303
186,"20001, Northwest Washington, Washington",270,"5700 Mansfield Drive, Temple Hills","9/1/2019 - 9/30/2019, Every day, Daily Average",1696,1287,2234
186,"20001, Northwest Washington, Washington",271,"4900 Essex Avenue, Chevy Chase","9/1/2019 - 9/30/2019, Every day, Daily Average",1719,1389,2126
186,"20001, Northwest Washington, Washington",272,"9500 Elvis Lane, Lanham-Seabrook, Goddard","9/1/2019 - 9/30/2019, Every day, Daily Average",1860,1403,2465
186,"20001, Northwest Washington, Washington",273,"6800 Asset Drive, Landover, 13, Kent, Prince George's County, Maryland, United States, 20785","9/1/2019 - 9/30/2019, Every day, Daily Average",1941,1450,2596
186,"20001, Northwest Washington, Washington",274,"2500 Campus Way North, Bowie","9/1/2019 - 9/30/2019, Every day, Daily Average",1724,1247,2383
186,"20001, Northwest Washington, Washington",275,"6200 Surrey Square Lane, District Heights","9/1/2019 - 9/30/2019, Every day, Daily Average",1565,1174,2084
186,"20001, Northwest Washington, Washington",276,"6000 Kirby Road, Clinton","9/1/2019 - 9/30/2019, Every day, Daily Average",1669,1301,2140
186,"20001, Northwest Washington, Washington",277,"4300 Brookview Terrace, Fort Washington","9/1/2019 - 9/30/2019, Every day, Daily Average",1889,1532,2328
186,"20001, Northwest Washington, Washington",278,"4100 31st Street, Mount Rainier","9/1/2019 - 9/30/2019, Every day, Daily Average",1456,1110,1908
186,"20001, Northwest Washington, Washington",279,"8800 Colonel Seward Drive, Fort Washington","9/1/2019 - 9/30/2019, Every day, Daily Average",1460,1061,2008
186,"20001, Northwest Washington, Washington",280,"5100 Cranmer Way, Capitol Heights","9/1/2019 - 9/30/2019, Every day, Daily Average",1318,980,1771
186,"20001, Northwest Washington, Washington",281,"1600 Brightseat Road, Hyattsville","9/1/2019 - 9/30/2019, Every day, Daily Average",1741,1294,2340
186,"20001, Northwest Washington, Washington",282,"6200 Springhill Court, Greenbelt","9/1/2019 - 9/30/2019, Every day, Daily Average",1749,1302,2348
186,"20001, Northwest Washington, Washington",283,"5900 Cherrywood Lane, Greenbelt","9/1/2019 - 9/30/2019, Every day, Daily Average",1861,1440,2404
186,"20001, Northwest Washington, Washington",284,"4700 Annapolis Road, Bladensburg","9/1/2019 - 9/30/2019, Every day, Daily Average",1321,1004,1737
186,"20001, Northwest Washington, Washington",285,"8000 New Hampshire Avenue, Hyattsville","9/1/2019 - 9/30/2019, Every day, Daily Average",1795,1388,2320
186,"20001, Northwest Washington, Washington",286,"2400 University Boulevard East, Adelphi","9/1/2019 - 9/30/2019, Every day, Daily Average",1844,1472,2308
186,"20001, Northwest Washington, Washington",287,"8100 15th Avenue, Hyattsville","9/1/2019 - 9/30/2019, Every day, Daily Average",1978,1591,2458
186,"20001, Northwest Washington, Washington",288,"4500 Harvest Road, Camp Springs","9/1/2019 - 9/30/2019, Every day, Daily Average",1595,1181,2153
186,"20001, Northwest Washington, Washington",289,"1400 Farmingdale Avenue, Capitol Heights","9/1/2019 - 9/30/2019, Every day, Daily Average",1303,950,1786
186,"20001, Northwest Washington, Washington",290,"6000 Sargent Road, Chillum","9/1/2019 - 9/30/2019, Every day, Daily Average",1519,1176,1961
186,"20001, Northwest Washington, Washington",291,"5800 31st Place, Hyattsville","9/1/2019 - 9/30/2019, Every day, Daily Average",1675,1311,2139
186,"20001, Northwest Washington, Washington",292,"8400 Carrollton Parkway, New Carrollton","9/1/2019 - 9/30/2019, Every day, Daily Average",1350,1004,1815
186,"20001, Northwest Washington, Washington",293,"Baltimore-Washington Parkway, 2, Bladensburg, Prince George's County, Maryland, United States, 20781","9/1/2019 - 9/30/2019, Every day, Daily Average",1093,787,1516
186,"20001, Northwest Washington, Washington",294,"5600 64th Avenue, Riverdale, East Riverdale","9/1/2019 - 9/30/2019, Every day, Daily Average",1426,1075,1891
186,"20001, Northwest Washington, Washington",295,"4000 Carozza Court, Temple Hills","9/1/2019 - 9/30/2019, Every day, Daily Average",1127,800,1585
186,"20001, Northwest Washington, Washington",296,"1700 Ritchie Road, District Heights","9/1/2019 - 9/30/2019, Every day, Daily Average",2079,1592,2714
186,"20001, Northwest Washington, Washington",297,"8200 Waterside Court, Fort Washington","9/1/2019 - 9/30/2019, Every day, Daily Average",1231,900,1682
186,"20001, Northwest Washington, Washington",298,"6400 61st Place, Riverdale, East Riverdale","9/1/2019 - 9/30/2019, Every day, Daily Average",1507,1137,1996
186,"20001, Northwest Washington, Washington",299,"2400 Rosecroft Court, Oxon Hill","9/1/2019 - 9/30/2019, Every day, Daily Average",1676,1213,2314
186,"20001, Northwest Washington, Washington",300,"3800 Matthews Drive, Temple Hills","9/1/2019 - 9/30/2019, Every day, Daily Average",1670,1281,2176
186,"20001, Northwest Washington, Washington",301,"4900 40th Place, Hyattsville","9/1/2019 - 9/30/2019, Every day, Daily Average",1772,1364,2300
186,"20001, Northwest Washington, Washington",302,"Unnamed Road, College Park","9/1/2019 - 9/30/2019, Every day, Daily Average",1921,1458,2530
186,"20001, Northwest Washington, Washington",303,"100 Onondaga Drive, Oxon Hill","9/1/2019 - 9/30/2019, Every day, Daily Average",1116,817,1524
186,"20001, Northwest Washington, Washington",304,"1800 South Club Drive, Landover, Greater Landover","9/1/2019 - 9/30/2019, Every day, Daily Average",1460,1098,1940
186,"20001, Northwest Washington, Washington",305,"2800 Crest Avenue, Hyattsville","9/1/2019 - 9/30/2019, Every day, Daily Average",1145,834,1571
186,"20001, Northwest Washington, Washington",306,"3800 Kearney Road, Brentwood","9/1/2019 - 9/30/2019, Every day, Daily Average",1339,969,1849
186,"20001, Northwest Washington, Washington",307,"4600 Greenline Court, Suitland, Camp Springs","9/1/2019 - 9/30/2019, Every day, Daily Average",1461,1082,1972
186,"20001, Northwest Washington, Washington",308,"3500 Riviera Street, Temple Hills","9/1/2019 - 9/30/2019, Every day, Daily Average",1641,1195,2252
186,"20001, Northwest Washington, Washington",310,"3800 Forestville Road, District Heights","9/1/2019 - 9/30/2019, Every day, Daily Average",1694,1279,2242
186,"20001, Northwest Washington, Washington",311,"1100 Valley Drive, College Park","9/1/2019 - 9/30/2019, Every day, Daily Average",1989,1575,2511
186,"20001, Northwest Washington, Washington",312,"4200 Suitland Road, Suitland-Silver Hill","9/1/2019 - 9/30/2019, Every day, Daily Average",1206,885,1641
186,"20001, Northwest Washington, Washington",313,"3900 Livingston Street, Hyattsville","9/1/2019 - 9/30/2019, Every day, Daily Average",1596,1223,2081
186,"20001, Northwest Washington, Washington",314,"4900 Abbott Drive, Marlow Heights","9/1/2019 - 9/30/2019, Every day, Daily Average",1727,1349,2209
186,"20001, Northwest Washington, Washington",315,"2400 Brooks Drive, Suitland, Suitland-Silver Hill","9/1/2019 - 9/30/2019, Every day, Daily Average",1471,1077,2007
186,"20001, Northwest Washington, Washington",316,"6200 20th Avenue, Hyattsville","9/1/2019 - 9/30/2019, Every day, Daily Average",1586,1239,2029
186,"20001, Northwest Washington, Washington",317,"700 Somerset Place, Hyattsville","9/1/2019 - 9/30/2019, Every day, Daily Average",1454,1107,1908
186,"20001, Northwest Washington, Washington",318,"6700 Red Top Road, Hyattsville","9/1/2019 - 9/30/2019, Every day, Daily Average",1537,1179,2002
186,"20001, Northwest Washington, Washington",319,"1900 Laguna Road, Hyattsville","9/1/2019 - 9/30/2019, Every day, Daily Average",1922,1528,2416
186,"20001, Northwest Washington, Washington",320,"2000 Amherst Road, Hyattsville","9/1/2019 - 9/30/2019, Every day, Daily Average",1683,1321,2144
186,"20001, Northwest Washington, Washington",321,"4200 Van Buren Street, University Park","9/1/2019 - 9/30/2019, Every day, Daily Average",1871,1457,2401
186,"20001, Northwest Washington, Washington",322,"4900 Nicholson Street, Riverdale, Riverdale Park","9/1/2019 - 9/30/2019, Every day, Daily Average",1600,1263,2026
186,"20001, Northwest Washington, Washington",323,"Cabiglas Street, Joint Base Andrews","9/1/2019 - 9/30/2019, Every day, Daily Average",1519,1206,1912
186,"20001, Northwest Washington, Washington",324,"3100 Bolivia Court, Fort Washington","9/1/2019 - 9/30/2019, Every day, Daily Average",1826,1415,2356
186,"20001, Northwest Washington, Washington",325,"8500 Pepco Place, Upper Marlboro","9/1/2019 - 9/30/2019, Every day, Daily Average",1612,1235,2103
186,"20001, Northwest Washington, Washington",326,"4900 46th Avenue, Hyattsville","9/1/2019 - 9/30/2019, Every day, Daily Average",1502,1170,1927
186,"20001, Northwest Washington, Washington",327,"1000 Stratwood Avenue, Oxon Hill","9/1/2019 - 9/30/2019, Every day, Daily Average",1334,974,1826
186,"20001, Northwest Washington, Washington",328,"1700 Tucker Road, Fort Washington","9/1/2019 - 9/30/2019, Every day, Daily Average",1479,1100,1987
186,"20001, Northwest Washington, Washington",329,"1300 Fenwood Avenue, Oxon Hill","9/1/2019 - 9/30/2019, Every day, Daily Average",1505,1098,2061
186,"20001, Northwest Washington, Washington",330,"8600 Lancaster Drive, Bethesda","9/1/2019 - 9/30/2019, Every day, Daily Average",2050,1654,2539
186,"20001, Northwest Washington, Washington",331,"2100 Jameson Street, Temple Hills","9/1/2019 - 9/30/2019, Every day, Daily Average",1572,1180,2093
186,"20001, Northwest Washington, Washington",332,"Perrie Lane, Camp Springs","9/1/2019 - 9/30/2019, Every day, Daily Average",1546,1176,2031
186,"20001, Northwest Washington, Washington",333,"2000 Hayden Road, Hyattsville","9/1/2019 - 9/30/2019, Every day, Daily Average",1372,1053,1787
186,"20001, Northwest Washington, Washington",334,"5900 Fisher Road, Temple Hills","9/1/2019 - 9/30/2019, Every day, Daily Average",1491,1090,2037
186,"20001, Northwest Washington, Washington",335,"1500 Southview Drive, Oxon Hill","9/1/2019 - 9/30/2019, Every day, Daily Average",1432,1072,1912
186,"20001, Northwest Washington, Washington",336,"2700 Keating Street, Hillcrest Heights","9/1/2019 - 9/30/2019, Every day, Daily Average",1363,981,1893
186,"20001, Northwest Washington, Washington",337,"2500 Eliot Place, Temple Hills","9/1/2019 - 9/30/2019, Every day, Daily Average",1339,967,1852
186,"20001, Northwest Washington, Washington",338,"3400 Randall Road, Suitland, Suitland-Silver Hill","9/1/2019 - 9/30/2019, Every day, Daily Average",1319,997,1743
186,"20001, Northwest Washington, Washington",339,"2700 Phelps Avenue, District Heights","9/1/2019 - 9/30/2019, Every day, Daily Average",1874,1370,2563
186,"20001, Northwest Washington, Washington",340,"5900 Beech Avenue, Bethesda","9/1/2019 - 9/30/2019, Every day, Daily Average",1742,1433,2116
186,"20001, Northwest Washington, Washington",341,"8600 Irvington Avenue, Bradmoor, Bethesda","9/1/2019 - 9/30/2019, Every day, Daily Average",2099,1693,2601
186,"20001, Northwest Washington, Washington",342,"6600 Halleck Street, District Heights","9/1/2019 - 9/30/2019, Every day, Daily Average",1592,1227,2063
186,"20001, Northwest Washington, Washington",343,"3900 Billings Place, Capitol Heights","9/1/2019 - 9/30/2019, Every day, Daily Average",1196,870,1643
186,"20001, Northwest Washington, Washington",344,"5400 Moorland Lane, Bethesda","9/1/2019 - 9/30/2019, Every day, Daily Average",1972,1651,2354
186,"20001, Northwest Washington, Washington",345,"8800 Brierly Road, Chevy Chase","9/1/2019 - 9/30/2019, Every day, Daily Average",1891,1487,2404
186,"20001, Northwest Washington, Washington",346,"7200 Millwood Court, Bethesda","9/1/2019 - 9/30/2019, Every day, Daily Average",1955,1571,2432
186,"20001, Northwest Washington, Washington",347,"7300 Brennon Lane, Chevy Chase","9/1/2019 - 9/30/2019, Every day, Daily Average",1932,1585,2353
186,"20001, Northwest Washington, Washington",348,"6900 Ridgewood Avenue, Chevy Chase","9/1/2019 - 9/30/2019, Every day, Daily Average",1764,1429,2177
186,"20001, Northwest Washington, Washington",349,"1000 Glacier Avenue, Capitol Heights","9/1/2019 - 9/30/2019, Every day, Daily Average",1474,1117,1943
186,"20001, Northwest Washington, Washington",350,"600 Larchmont Avenue, Capitol Heights","9/1/2019 - 9/30/2019, Every day, Daily Average",1588,1253,2011
186,"20001, Northwest Washington, Washington",351,"7000 Crail Drive, Bethesda","9/1/2019 - 9/30/2019, Every day, Daily Average",1568,1244,1975
186,"20001, Northwest Washington, Washington",352,"5800 Folgate Court, Capitol Heights","9/1/2019 - 9/30/2019, Every day, Daily Average",1665,1298,2134
186,"20001, Northwest Washington, Washington",353,"7500 Wildwood Drive, Takoma Park","9/1/2019 - 9/30/2019, Every day, Daily Average",1703,1320,2196
186,"20001, Northwest Washington, Washington",354,"200 West Mill Avenue, Pepper Mill Village, Capitol Heights","9/1/2019 - 9/30/2019, Every day, Daily Average",1715,1334,2204
186,"20001, Northwest Washington, Washington",355,"900 Browning Avenue, Silver Spring","9/1/2019 - 9/30/2019, Every day, Daily Average",1870,1560,2241
186,"20001, Northwest Washington, Washington",356,"0 Montgomery Avenue, Takoma Park","9/1/2019 - 9/30/2019, Every day, Daily Average",1637,1273,2103
186,"20001, Northwest Washington, Washington",357,"5900 J Street, Fairmount Heights","9/1/2019 - 9/30/2019, Every day, Daily Average",1399,1040,1880
186,"20001, Northwest Washington, Washington",358,"1000 Carrington Avenue, Capitol Heights","9/1/2019 - 9/30/2019, Every day, Daily Average",1654,1294,2112
186,"20001, Northwest Washington, Washington",359,"2400 Pinebrook Avenue, Hyattsville","9/1/2019 - 9/30/2019, Every day, Daily Average",1381,1026,1857
186,"20001, Northwest Washington, Washington",360,"7700 Burnside Road, Hyattsville","9/1/2019 - 9/30/2019, Every day, Daily Average",1710,1278,2286
186,"20001, Northwest Washington, Washington",361,"Park Central Road, Riverdale, Greenbelt","9/1/2019 - 9/30/2019, Every day, Daily Average",1456,1084,1955
186,"20001, Northwest Washington, Washington",362,"800 Gregorio Drive, Montgomery Knolls, Silver Spring","9/1/2019 - 9/30/2019, Every day, Daily Average",2189,1670,2868
186,"20001, Northwest Washington, Washington",363,"9600 Newbridge Drive, Potomac","9/1/2019 - 9/30/2019, Every day, Daily Average",2055,1592,2651
186,"20001, Northwest Washington, Washington",364,"8500 Glenville Road, Takoma Park","9/1/2019 - 9/30/2019, Every day, Daily Average",1928,1483,2506
186,"20001, Northwest Washington, Washington",365,"9200 Whitney Street, Silver Spring","9/1/2019 - 9/30/2019, Every day, Daily Average",2213,1745,2805
186,"20001, Northwest Washington, Washington",366,"600 Thayer Avenue, Silver Spring","9/1/2019 - 9/30/2019, Every day, Daily Average",1917,1546,2376
186,"20001, Northwest Washington, Washington",367,"100 Melbourne Avenue, Silver Spring","9/1/2019 - 9/30/2019, Every day, Daily Average",2255,1821,2791
186,"20001, Northwest Washington, Washington",368,"600 Ritchie Avenue, Silver Spring","9/1/2019 - 9/30/2019, Every day, Daily Average",1872,1500,2335
186,"20001, Northwest Washington, Washington",369,"2400 Lyttonsville Place, Silver Spring","9/1/2019 - 9/30/2019, Every day, Daily Average",2049,1655,2536
186,"20001, Northwest Washington, Washington",370,"2000 Linden Lane, Silver Spring","9/1/2019 - 9/30/2019, Every day, Daily Average",1885,1538,2309
186,"20001, Northwest Washington, Washington",371,"600 Cappy Avenue, Capitol Heights","9/1/2019 - 9/30/2019, Every day, Daily Average",1924,1527,2422
186,"20001, Northwest Washington, Washington",372,"4200 73rd Avenue, Hyattsville","9/1/2019 - 9/30/2019, Every day, Daily Average",1327,988,1781
186,"20001, Northwest Washington, Washington",373,"Lanham-Seabrook, Goddard","9/1/2019 - 9/30/2019, Every day, Daily Average",1805,1355,2403
186,"20001, Northwest Washington, Washington",374,"Cobe Road, Goddard","9/1/2019 - 9/30/2019, Every day, Daily Average",1617,1194,2189
186,"20001, Northwest Washington, Washington",375,"8600 Cunningham Drive, Berwyn Heights","9/1/2019 - 9/30/2019, Every day, Daily Average",1981,1484,2643
186,"20001, Northwest Washington, Washington",376,"8500 Burning Tree Road, Bethesda","9/1/2019 - 9/30/2019, Every day, Daily Average",1657,1306,2101
186,"20001, Northwest Washington, Washington",377,"4700 River Road, Riverdale, Riverdale Park","9/1/2019 - 9/30/2019, Every day, Daily Average",1692,1332,2148
186,"20001, Northwest Washington, Washington",378,"5600 Newington Road, Bethesda","9/1/2019 - 9/30/2019, Every day, Daily Average",1648,1313,2067
186,"20001, Northwest Washington, Washington",379,"4900 Americana Drive, Annandale","9/1/2019 - 9/30/2019, Every day, Daily Average",1619,1204,2175
186,"20001, Northwest Washington, Washington",380,"Glenarden Apartment, Glenarden","9/1/2019 - 9/30/2019, Every day, Daily Average",1508,1160,1959
186,"20001, Northwest Washington, Washington",381,"3100 Pennsy Drive, Landover, Greater Landover","9/1/2019 - 9/30/2019, Every day, Daily Average",1313,974,1769
186,"20001, Northwest Washington, Washington",382,"9500 Lottsford Road, Upper Marlboro","9/1/2019 - 9/30/2019, Every day, Daily Average",1737,1299,2321
186,"20001, Northwest Washington, Washington",383,"400 Warfield Drive, Hyattsville","9/1/2019 - 9/30/2019, Every day, Daily Average",2001,1485,2696
186,"20001, Northwest Washington, Washington",384,"9000 Byard Court, Springdale","9/1/2019 - 9/30/2019, Every day, Daily Average",1542,1123,2117
186,"20001, Northwest Washington, Washington",385,"Harrison Lane, Hyattsville","9/1/2019 - 9/30/2019, Every day, Daily Average",1429,1076,1897
186,"20001, Northwest Washington, Washington",386,"6300 Barrs Lane, Lanham-Seabrook, Lanham","9/1/2019 - 9/30/2019, Every day, Daily Average",1805,1357,2400
186,"20001, Northwest Washington, Washington",387,"9200 Crandall Road, Lanham-Seabrook, Lanham, Prince George's County, Maryland, United States, 20706, 1931","9/1/2019 - 9/30/2019, Every day, Daily Average",1659,1214,2267
186,"20001, Northwest Washington, Washington",388,"7600 Vicar Street, New Carrollton","9/1/2019 - 9/30/2019, Every day, Daily Average",1626,1209,2186
186,"20001, Northwest Washington, Washington",389,"7700 Emerson Road, Hyattsville","9/1/2019 - 9/30/2019, Every day, Daily Average",1410,1041,1908
186,"20001, Northwest Washington, Washington",390,"7500 Finns Lane, Lanham-Seabrook, 2, Bladensburg, Prince George's County, Maryland, United States, 20706, 1217","9/1/2019 - 9/30/2019, Every day, Daily Average",1548,1172,2043
186,"20001, Northwest Washington, Washington",391,"4800 Trenton Road, Hyattsville","9/1/2019 - 9/30/2019, Every day, Daily Average",1218,901,1645
186,"20001, Northwest Washington, Washington",392,"6800 Furman Parkway, Riverdale, Woodlawn","9/1/2019 - 9/30/2019, Every day, Daily Average",1273,950,1705
186,"20001, Northwest Washington, Washington",393,"6000 Addison Road, Capitol Heights","9/1/2019 - 9/30/2019, Every day, Daily Average",1585,1183,2123
186,"20001, Northwest Washington, Washington",394,"8600 22nd Avenue, Hyattsville","9/1/2019 - 9/30/2019, Every day, Daily Average",2016,1596,2545
186,"20001, Northwest Washington, Washington",395,"3800 10th Street North, Virginia Square, Arlington","9/1/2019 - 9/30/2019, Every day, Daily Average",1055,796,1398
186,"20001, Northwest Washington, Washington",396,"5000 55th Avenue, Hyattsville","9/1/2019 - 9/30/2019, Every day, Daily Average",1466,1097,1958
186,"20001, Northwest Washington, Washington",397,"4300 58th Avenue, Bladensburg","9/1/2019 - 9/30/2019, Every day, Daily Average",1562,1095,2228
186,"20001, Northwest Washington, Washington",398,"1200 North Stuart Street, Virginia Square, Arlington","9/1/2019 - 9/30/2019, Every day, Daily Average",1071,784,1462
186,"20001, Northwest Washington, Washington",399,"3000 Hillside Avenue, Cheverly","9/1/2019 - 9/30/2019, Every day, Daily Average",1239,908,1689
186,"20001, Northwest Washington, Washington",400,"6700 Darby Road, Hyattsville","9/1/2019 - 9/30/2019, Every day, Daily Average",1223,895,1671
186,"20001, Northwest Washington, Washington",401,"1500 28th Street South, Long Branch Creek, Arlington","9/1/2019 - 9/30/2019, Every day, Daily Average",833,579,1197
186,"20001, Northwest Washington, Washington",402,"2600 North Sycamore Street, Williamsburg, Arlington","9/1/2019 - 9/30/2019, Every day, Daily Average",1197,917,1562
186,"20001, Northwest Washington, Washington",403,"1800 North Randolph Street, Cherrydale, Arlington","9/1/2019 - 9/30/2019, Every day, Daily Average",911,667,1242
186,"20001, Northwest Washington, Washington",404,"2100 North Edison Street, High View Park, Arlington","9/1/2019 - 9/30/2019, Every day, Daily Average",1309,980,1746
186,"20001, Northwest Washington, Washington",405,"2100 North Kentucky Street, Tara - Leeway Heights, Arlington","9/1/2019 - 9/30/2019, Every day, Daily Average",1082,816,1433
186,"20001, Northwest Washington, Washington",406,"6000 9th Street North, Dominion Hills, Arlington","9/1/2019 - 9/30/2019, Every day, Daily Average",1153,850,1563
186,"20001, Northwest Washington, Washington",407,"500 North Piedmont Street, Ashton Heights, Arlington","9/1/2019 - 9/30/2019, Every day, Daily Average",1084,810,1449
186,"20001, Northwest Washington, Washington",408,"1800 North Harvard Street, Lyon Village, Arlington","9/1/2019 - 9/30/2019, Every day, Daily Average",987,721,1350
186,"20001, Northwest Washington, Washington",409,"300 Riley Street, Falls Church","9/1/2019 - 9/30/2019, Every day, Daily Average",1468,1118,1927
186,"20001, Northwest Washington, Washington",410,"1800 North Quesada Street, East Falls Church, Arlington","9/1/2019 - 9/30/2019, Every day, Daily Average",1143,867,1505
186,"20001, Northwest Washington, Washington",411,"200 Midvale Street, Falls Church","9/1/2019 - 9/30/2019, Every day, Daily Average",1409,1053,1884
186,"20001, Northwest Washington, Washington",412,"600 Jackson Street, Falls Church","9/1/2019 - 9/30/2019, Every day, Daily Average",1589,1199,2105
186,"20001, Northwest Washington, Washington",413,"2300 2nd Street South, Penrose, Arlington","9/1/2019 - 9/30/2019, Every day, Daily Average",728,511,1035
186,"20001, Northwest Washington, Washington",414,"400 South Fairfax Street, Old Town, Alexandria","9/1/2019 - 9/30/2019, Every day, Daily Average",1186,887,1585
186,"20001, Northwest Washington, Washington",415,"3700 Camelot Drive, Annandale","9/1/2019 - 9/30/2019, Every day, Daily Average",1792,1336,2402
186,"20001, Northwest Washington, Washington",416,"2900 Woodlawn Avenue, Falls Church","9/1/2019 - 9/30/2019, Every day, Daily Average",1592,1211,2092
186,"20001, Northwest Washington, Washington",417,"500 Princess Street, Old Town, Alexandria","9/1/2019 - 9/30/2019, Every day, Daily Average",1075,788,1465
186,"20001, Northwest Washington, Washington",418,"2900 Landover Street, Potomac West, Alexandria","9/1/2019 - 9/30/2019, Every day, Daily Average",1043,804,1352
186,"20001, Northwest Washington, Washington",419,"3400 Lake Street, Bailey's Crossroads","9/1/2019 - 9/30/2019, Every day, Daily Average",1403,1018,1932
186,"20001, Northwest Washington, Washington",420,"7300 Gordons Road, Falls Church","9/1/2019 - 9/30/2019, Every day, Daily Average",1377,1050,1805
186,"20001, Northwest Washington, Washington",421,"3400 Blair Road, Falls Church","9/1/2019 - 9/30/2019, Every day, Daily Average",1518,1104,2087
186,"20001, Northwest Washington, Washington",422,"Westbranch Drive, Tysons","9/1/2019 - 9/30/2019, Every day, Daily Average",1598,1241,2057
186,"20001, Northwest Washington, Washington",423,"500 Triadelphia Way, Alexandria West, Alexandria","9/1/2019 - 9/30/2019, Every day, Daily Average",996,729,1359
186,"20001, Northwest Washington, Washington",424,"5900 Mount Eagle Drive, Alexandria","9/1/2019 - 9/30/2019, Every day, Daily Average",1314,1008,1712
186,"20001, Northwest Washington, Washington",425,"2300 Senseney Lane, Falls Church","9/1/2019 - 9/30/2019, Every day, Daily Average",1384,1063,1800
186,"20001, Northwest Washington, Washington",426,"Mohegan Drive, Falls Church","9/1/2019 - 9/30/2019, Every day, Daily Average",1544,1141,2088
186,"20001, Northwest Washington, Washington",427,"6000 Nassau Drive, West Springfield","9/1/2019 - 9/30/2019, Every day, Daily Average",1903,1453,2491
186,"20001, Northwest Washington, Washington",428,"5500 16th Street North, Tara - Leeway Heights, Arlington","9/1/2019 - 9/30/2019, Every day, Daily Average",1043,782,1389
186,"20001, Northwest Washington, Washington",429,"800 North Abingdon Street, Bluemont, Arlington","9/1/2019 - 9/30/2019, Every day, Daily Average",1136,838,1538
186,"20001, Northwest Washington, Washington",430,"600 North Harrison Street, Bluemont, Arlington","9/1/2019 - 9/30/2019, Every day, Daily Average",1106,823,1485
186,"20001, Northwest Washington, Washington",431,"1800 North Ode Street, North Rosslyn, Arlington","9/1/2019 - 9/30/2019, Every day, Daily Average",897,639,1257
186,"20001, Northwest Washington, Washington",432,"4200 2nd Road North, Buckingham, Arlington","9/1/2019 - 9/30/2019, Every day, Daily Average",980,725,1324
186,"20001, Northwest Washington, Washington",433,"4400 South Pershing Court, Barcroft, Arlington","9/1/2019 - 9/30/2019, Every day, Daily Average",1064,773,1463
186,"20001, Northwest Washington, Washington",434,"500 North Thomas Street, Buckingham, Arlington","9/1/2019 - 9/30/2019, Every day, Daily Average",1067,813,1399
186,"20001, Northwest Washington, Washington",435,"800 South Randolph Street, Alcova Heights, Arlington","9/1/2019 - 9/30/2019, Every day, Daily Average",1027,732,1440
186,"20001, Northwest Washington, Washington",436,"1300 North Oak Street, Radnor - Fort Myer Heights, Arlington","9/1/2019 - 9/30/2019, Every day, Daily Average",886,612,1281
186,"20001, Northwest Washington, Washington",437,"1600 North Queen Street, Radnor - Fort Myer Heights, Arlington","9/1/2019 - 9/30/2019, Every day, Daily Average",765,536,1090
186,"20001, Northwest Washington, Washington",438,"5000 12th Street South, Columbia Forest, Arlington","9/1/2019 - 9/30/2019, Every day, Daily Average",1055,759,1465
186,"20001, Northwest Washington, Washington",439,"4200 13th Street South, Douglas Park, Arlington","9/1/2019 - 9/30/2019, Every day, Daily Average",1054,775,1431
186,"20001, Northwest Washington, Washington",440,"700 22nd Street South, Aurora Highlands, Arlington","9/1/2019 - 9/30/2019, Every day, Daily Average",828,557,1229
186,"20001, Northwest Washington, Washington",441,"2200 12th Court North, Court House, Arlington","9/1/2019 - 9/30/2019, Every day, Daily Average",853,616,1179
186,"20001, Northwest Washington, Washington",442,"2000 Key Boulevard, Colonial Village, Arlington","9/1/2019 - 9/30/2019, Every day, Daily Average",965,704,1322
186,"20001, Northwest Washington, Washington",443,"2800 11th Street North, Court House, Arlington","9/1/2019 - 9/30/2019, Every day, Daily Average",903,666,1224
186,"20001, Northwest Washington, Washington",444,"1500 South Eads Street, Crystal City, Arlington","9/1/2019 - 9/30/2019, Every day, Daily Average",597,400,890
186,"20001, Northwest Washington, Washington",445,"4300 29th Street South, Shirlington, Arlington","9/1/2019 - 9/30/2019, Every day, Daily Average",765,549,1064
186,"20001, Northwest Washington, Washington",446,"6600 Rock Island Road, Springfield","9/1/2019 - 9/30/2019, Every day, Daily Average",1397,1066,1830
186,"20001, Northwest Washington, Washington",447,"5400 Charlottesville Road, Springfield","9/1/2019 - 9/30/2019, Every day, Daily Average",1192,888,1599
186,"20001, Northwest Washington, Washington",448,"4800 Dodson Drive, Annandale","9/1/2019 - 9/30/2019, Every day, Daily Average",1484,1111,1981
186,"20001, Northwest Washington, Washington",449,"Wendell Howard Road, Falls Church","9/1/2019 - 9/30/2019, Every day, Daily Average",1675,1282,2186
186,"20001, Northwest Washington, Washington",450,"7100 Oak Ridge Road, Falls Church","9/1/2019 - 9/30/2019, Every day, Daily Average",1640,1250,2150
186,"20001, Northwest Washington, Washington",451,"3300 Fallowfield Drive, Falls Church","9/1/2019 - 9/30/2019, Every day, Daily Average",1765,1366,2279
186,"20001, Northwest Washington, Washington",452,"3800 Dade Drive, Annandale","9/1/2019 - 9/30/2019, Every day, Daily Average",1654,1323,2066
186,"20001, Northwest Washington, Washington",453,"3700 MacGregor Court, Annandale","9/1/2019 - 9/30/2019, Every day, Daily Average",1712,1292,2267
186,"20001, Northwest Washington, Washington",454,"3400 Monarch Lane, Annandale","9/1/2019 - 9/30/2019, Every day, Daily Average",1801,1363,2379
186,"20001, Northwest Washington, Washington",455,"6000 Brook Drive, Falls Church","9/1/2019 - 9/30/2019, Every day, Daily Average",1262,950,1675
186,"20001, Northwest Washington, Washington",456,"3300 Garland Drive, Falls Church","9/1/2019 - 9/30/2019, Every day, Daily Average",1160,838,1605
186,"20001, Northwest Washington, Washington",457,"8100 Heatherton Lane, Vienna","9/1/2019 - 9/30/2019, Every day, Daily Average",1517,1168,1969
186,"20001, Northwest Washington, Washington",458,"4800 Eisenhower Avenue, Landmark, Alexandria","9/1/2019 - 9/30/2019, Every day, Daily Average",1308,998,1714
186,"20001, Northwest Washington, Washington",459,"2300 Fairview Terrace, Alexandria","9/1/2019 - 9/30/2019, Every day, Daily Average",1275,989,1643
186,"20001, Northwest Washington, Washington",460,"3400 South Utah Street, Shirlington, Arlington","9/1/2019 - 9/30/2019, Every day, Daily Average",884,621,1257
186,"20001, Northwest Washington, Washington",461,"Archstone Way, Franconia","9/1/2019 - 9/30/2019, Every day, Daily Average",1461,1090,1956
186,"20001, Northwest Washington, Washington",462,"Dolley Madison Boulevard, Tysons","9/1/2019 - 9/30/2019, Every day, Daily Average",1470,1146,1884
186,"20001, Northwest Washington, Washington",463,"1900 Kennedy Drive, Tysons","9/1/2019 - 9/30/2019, Every day, Daily Average",1566,1227,1997
186,"20001, Northwest Washington, Washington",464,"2500 Buckelew Drive, Falls Church","9/1/2019 - 9/30/2019, Every day, Daily Average",1781,1330,2384
186,"20001, Northwest Washington, Washington",465,"6100 Mc Lendon Court, Alexandria","9/1/2019 - 9/30/2019, Every day, Daily Average",1527,1144,2036
186,"20001, Northwest Washington, Washington",466,"5500 Brookland Road, Alexandria","9/1/2019 - 9/30/2019, Every day, Daily Average",1629,1212,2188
186,"20001, Northwest Washington, Washington",467,"Franconia-Springfield Parkway, Alexandria","9/1/2019 - 9/30/2019, Every day, Daily Average",1536,1230,1916
186,"20001, Northwest Washington, Washington",468,"6000 Woodlake Lane, Alexandria","9/1/2019 - 9/30/2019, Every day, Daily Average",1628,1251,2118
186,"20001, Northwest Washington, Washington",469,"3400 Austin Court, Groveton, Alexandria","9/1/2019 - 9/30/2019, Every day, Daily Average",1577,1228,2023
186,"20001, Northwest Washington, Washington",470,"300 North Kenmore Street, Ashton Heights, Arlington","9/1/2019 - 9/30/2019, Every day, Daily Average",921,672,1261
186,"20001, Northwest Washington, Washington",471,"5700 4th Street South, Glencarlyn, Arlington","9/1/2019 - 9/30/2019, Every day, Daily Average",1109,822,1494
186,"20001, Northwest Washington, Washington",472,"0 8th Street South, Arlington Heights, Arlington","9/1/2019 - 9/30/2019, Every day, Daily Average",591,407,857
186,"20001, Northwest Washington, Washington",473,"3700 16th Street South, Douglas Park, Arlington","9/1/2019 - 9/30/2019, Every day, Daily Average",956,678,1346
186,"20001, Northwest Washington, Washington",474,"3300 Groveton Street, Groveton, Alexandria","9/1/2019 - 9/30/2019, Every day, Daily Average",1552,1193,2018
186,"20001, Northwest Washington, Washington",475,"5000 8th Road South, Arlington Mill, Arlington","9/1/2019 - 9/30/2019, Every day, Daily Average",1169,874,1562
186,"20001, Northwest Washington, Washington",476,"Four Mile Run Trail, Claremont, Arlington","9/1/2019 - 9/30/2019, Every day, Daily Average",985,723,1340
186,"20001, Northwest Washington, Washington",477,"6800 Churchill Road, McLean","9/1/2019 - 9/30/2019, Every day, Daily Average",1597,1237,2061
186,"20001, Northwest Washington, Washington",478,"6800 Custis Parkway, Falls Church","9/1/2019 - 9/30/2019, Every day, Daily Average",1425,1090,1862
186,"20001, Northwest Washington, Washington",479,"2200 Shirlington Road, Nauck, Arlington","9/1/2019 - 9/30/2019, Every day, Daily Average",675,474,960
186,"20001, Northwest Washington, Washington",480,"1400 South Barton Street, Columbia Heights, Arlington","9/1/2019 - 9/30/2019, Every day, Daily Average",816,576,1155
186,"20001, Northwest Washington, Washington",481,"2800 South Buchanan Street, Shirlington, Arlington","9/1/2019 - 9/30/2019, Every day, Daily Average",790,570,1094
186,"20001, Northwest Washington, Washington",482,"1000 Hardee Place, Seminary Hill, Alexandria","9/1/2019 - 9/30/2019, Every day, Daily Average",1156,860,1552
186,"20001, Northwest Washington, Washington",483,"2100 Haycock Road, Falls Church","9/1/2019 - 9/30/2019, Every day, Daily Average",1228,944,1597
186,"20001, Northwest Washington, Washington",484,"3900 Mount Vernon Avenue, Potomac West, Alexandria","9/1/2019 - 9/30/2019, Every day, Daily Average",918,663,1269
186,"20001, Northwest Washington, Washington",485,"5500 Seminary Road, Falls Church","9/1/2019 - 9/30/2019, Every day, Daily Average",1167,856,1589
186,"20001, Northwest Washington, Washington",486,"7600 Wood Mist Lane, Falls Church","9/1/2019 - 9/30/2019, Every day, Daily Average",1973,1461,2663
186,"20001, Northwest Washington, Washington",487,"300 East Mount Ida Avenue, Potomac West, Alexandria","9/1/2019 - 9/30/2019, Every day, Daily Average",1124,834,1514
186,"20001, Northwest Washington, Washington",488,"1200 Key Drive, Taylor Run, Alexandria","9/1/2019 - 9/30/2019, Every day, Daily Average",1241,906,1699
186,"20001, Northwest Washington, Washington",489,"1200 Quaker Hill Drive, Taylor Run, Alexandria","9/1/2019 - 9/30/2019, Every day, Daily Average",1445,1049,1988
186,"20001, Northwest Washington, Washington",490,"3100 Holmes Run Road, Falls Church","9/1/2019 - 9/30/2019, Every day, Daily Average",1385,1071,1789
186,"20001, Northwest Washington, Washington",491,"6800 Donahue Court, Falls Church","9/1/2019 - 9/30/2019, Every day, Daily Average",1481,1149,1908
186,"20001, Northwest Washington, Washington",492,"0 East Mason Avenue, Potomac West, Alexandria","9/1/2019 - 9/30/2019, Every day, Daily Average",1190,900,1572
186,"20001, Northwest Washington, Washington",493,"3300 Rose Lane, Falls Church","9/1/2019 - 9/30/2019, Every day, Daily Average",1625,1276,2069
186,"20001, Northwest Washington, Washington",494,"5800 Aspen Wood Court, McLean","9/1/2019 - 9/30/2019, Every day, Daily Average",1065,811,1397
186,"20001, Northwest Washington, Washington",495,"2200 Emmett Drive, Alexandria","9/1/2019 - 9/30/2019, Every day, Daily Average",1510,1170,1947
186,"20001, Northwest Washington, Washington",496,"4000 Thornton Street, Annandale","9/1/2019 - 9/30/2019, Every day, Daily Average",1634,1270,2101
186,"20001, Northwest Washington, Washington",497,"400 Commonwealth Avenue, Potomac West, Alexandria","9/1/2019 - 9/30/2019, Every day, Daily Average",1254,928,1693
186,"20001, Northwest Washington, Washington",498,"200 South Reynolds Street, Landmark, Alexandria","9/1/2019 - 9/30/2019, Every day, Daily Average",1219,926,1604
186,"20001, Northwest Washington, Washington",499,"200 Yoakum Parkway, Landmark, Alexandria","9/1/2019 - 9/30/2019, Every day, Daily Average",1272,945,1711
186,"20001, Northwest Washington, Washington",500,"2000 Eisenhower Avenue, Eisenhower East, Alexandria","9/1/2019 - 9/30/2019, Every day, Daily Average",1339,1009,1775
186,"20001, Northwest Washington, Washington",501,"4900 Brenman Park Drive, Landmark, Alexandria","9/1/2019 - 9/30/2019, Every day, Daily Average",1367,1034,1806
186,"20001, Northwest Washington, Washington",502,"800 South Payne Street, Southwest Quadrant, Alexandria","9/1/2019 - 9/30/2019, Every day, Daily Average",1213,915,1606
186,"20001, Northwest Washington, Washington",503,"3300 Old Dominion Boulevard, North Ridge, Alexandria","9/1/2019 - 9/30/2019, Every day, Daily Average",1001,747,1340
186,"20001, Northwest Washington, Washington",504,"1200 Mount Vernon Trail, Alexandria","9/1/2019 - 9/30/2019, Every day, Daily Average",1364,1053,1766
186,"20001, Northwest Washington, Washington",505,"6500 Ashlawn Court, Springfield","9/1/2019 - 9/30/2019, Every day, Daily Average",1289,956,1737
186,"20001, Northwest Washington, Washington",506,"4600 Upland Drive, Alexandria","9/1/2019 - 9/30/2019, Every day, Daily Average",1553,1146,2103
186,"20001, Northwest Washington, Washington",507,"6100 Bayliss Place, Groveton, Alexandria","9/1/2019 - 9/30/2019, Every day, Daily Average",1538,1154,2049
186,"20001, Northwest Washington, Washington",508,"2200 Journet Drive, Dunn Loring","9/1/2019 - 9/30/2019, Every day, Daily Average",1791,1281,2503
186,"20001, Northwest Washington, Washington",509,"2900 Bridgehampton Court, Falls Church","9/1/2019 - 9/30/2019, Every day, Daily Average",1848,1395,2447
186,"20001, Northwest Washington, Washington",510,"1900 Byrd Road, Vienna","9/1/2019 - 9/30/2019, Every day, Daily Average",1832,1423,2357
186,"20001, Northwest Washington, Washington",511,"6100 Willston Drive, Seven Corners","9/1/2019 - 9/30/2019, Every day, Daily Average",1261,952,1669
186,"20001, Northwest Washington, Washington",512,"4600 19th Road North, Waverly Hills, Arlington","9/1/2019 - 9/30/2019, Every day, Daily Average",986,732,1327
186,"20001, Northwest Washington, Washington",513,"1100 South Arlington Ridge Road, Arlington Ridge, Arlington","9/1/2019 - 9/30/2019, Every day, Daily Average",766,509,1150
186,"20001, Northwest Washington, Washington",514,"5200 Yorktown Boulevard, Yorktown, Arlington","9/1/2019 - 9/30/2019, Every day, Daily Average",1366,1039,1795
186,"20001, Northwest Washington, Washington",515,"1400 North Taft Street, Radnor - Fort Myer Heights, Arlington","9/1/2019 - 9/30/2019, Every day, Daily Average",801,571,1121
186,"20001, Northwest Washington, Washington",516,"2700 South Ives Street, Arlington Ridge, Arlington","9/1/2019 - 9/30/2019, Every day, Daily Average",791,530,1178
186,"20001, Northwest Washington, Washington",517,"5000 Domain Place, Alexandria West, Alexandria","9/1/2019 - 9/30/2019, Every day, Daily Average",861,628,1179
186,"20001, Northwest Washington, Washington",518,"4200 Vacation Lane, Donaldson Run, Arlington","9/1/2019 - 9/30/2019, Every day, Daily Average",880,634,1219
186,"20001, Northwest Washington, Washington",519,"6500 Haystack Road, Alexandria","9/1/2019 - 9/30/2019, Every day, Daily Average",1765,1382,2252
186,"20001, Northwest Washington, Washington",520,"6400 Lily Dhu Lane, Falls Church","9/1/2019 - 9/30/2019, Every day, Daily Average",1723,1336,2220
186,"20001, Northwest Washington, Washington",521,"7300 Hooking Road, McLean","9/1/2019 - 9/30/2019, Every day, Daily Average",1739,1340,2256
186,"20001, Northwest Washington, Washington",522,"3100 Juniper Lane, Falls Church","9/1/2019 - 9/30/2019, Every day, Daily Average",1455,1127,1877
186,"20001, Northwest Washington, Washington",523,"4300 Roberts Avenue, Annandale","9/1/2019 - 9/30/2019, Every day, Daily Average",1434,1116,1842
186,"20001, Northwest Washington, Washington",524,"4500 Weyburn Drive, Annandale","9/1/2019 - 9/30/2019, Every day, Daily Average",1501,1135,1984
186,"20001, Northwest Washington, Washington",525,"5400 Backlick Woods Court, Springfield","9/1/2019 - 9/30/2019, Every day, Daily Average",1393,1041,1863
186,"20001, Northwest Washington, Washington",526,"4100 Wilson Boulevard, Virginia Square, Arlington","9/1/2019 - 9/30/2019, Every day, Daily Average",1134,873,1472
186,"20001, Northwest Washington, Washington",527,"6200 Blossom Lane, Alexandria","9/1/2019 - 9/30/2019, Every day, Daily Average",1628,1220,2171
186,"20001, Northwest Washington, Washington",528,"5400 Summer Leaf Lane, Alexandria","9/1/2019 - 9/30/2019, Every day, Daily Average",1130,830,1537
186,"20001, Northwest Washington, Washington",529,"5800 Oakview Gardens Drive, Bailey's Crossroads","9/1/2019 - 9/30/2019, Every day, Daily Average",1322,967,1805
186,"20001, Northwest Washington, Washington",530,"6900 Trillium Lane, West Springfield","9/1/2019 - 9/30/2019, Every day, Daily Average",1647,1273,2129
186,"20001, Northwest Washington, Washington",531,"Morven Lane, Alexandria West, Alexandria","9/1/2019 - 9/30/2019, Every day, Daily Average",825,602,1130
186,"20001, Northwest Washington, Washington",532,"6700 Rosewood Street, Annandale","9/1/2019 - 9/30/2019, Every day, Daily Average",1699,1281,2251
186,"20001, Northwest Washington, Washington",533,"1600 Davidson Road, McLean","9/1/2019 - 9/30/2019, Every day, Daily Average",1687,1271,2237
186,"20001, Northwest Washington, Washington",534,"2100 Greenwich Street, Falls Church","9/1/2019 - 9/30/2019, Every day, Daily Average",1275,991,1639
186,"20001, Northwest Washington, Washington",535,"7600 Long Pine Drive, Springfield","9/1/2019 - 9/30/2019, Every day, Daily Average",1642,1124,2398
186,"20001, Northwest Washington, Washington",536,"6000 Backlick Road, Springfield","9/1/2019 - 9/30/2019, Every day, Daily Average",1273,944,1716
186,"20001, Northwest Washington, Washington",537,"1000 Colonial Farm Road, McLean","9/1/2019 - 9/30/2019, Every day, Daily Average",1195,938,1521
186,"20001, Northwest Washington, Washington",538,"300 South Whiting Street, Landmark, Alexandria","9/1/2019 - 9/30/2019, Every day, Daily Average",1114,828,1498
186,"20001, Northwest Washington, Washington",539,"8600 Westwood Center Drive, Vienna","9/1/2019 - 9/30/2019, Every day, Daily Average",1701,1340,2158
186,"20001, Northwest Washington, Washington",540,"6600 Hazel Lane, McLean","9/1/2019 - 9/30/2019, Every day, Daily Average",1636,1267,2111
186,"20001, Northwest Washington, Washington",541,"2500 Washington Boulevard, Lyon Park, Arlington","9/1/2019 - 9/30/2019, Every day, Daily Average",818,590,1133
186,"20001, Northwest Washington, Washington",542,"1300 Potomac School Road, McLean","9/1/2019 - 9/30/2019, Every day, Daily Average",1373,1055,1786
186,"20001, Northwest Washington, Washington",543,"3000 Eisenhower Avenue, Eisenhower West, Alexandria","9/1/2019 - 9/30/2019, Every day, Daily Average",1454,1074,1968
186,"20001, Northwest Washington, Washington",544,"5400 Inverchapel Road, Springfield","9/1/2019 - 9/30/2019, Every day, Daily Average",1563,1160,2104
186,"20001, Northwest Washington, Washington",545,"1900 Storm Drive, Falls Church","9/1/2019 - 9/30/2019, Every day, Daily Average",1357,1066,1727
186,"20001, Northwest Washington, Washington",546,"Moore Lane, Fort Myer, Arlington","9/1/2019 - 9/30/2019, Every day, Daily Average",679,478,963
186,"20001, Northwest Washington, Washington",547,"600 North Owen Street, Seminary Hill, Alexandria","9/1/2019 - 9/30/2019, Every day, Daily Average",996,715,1386
186,"20001, Northwest Washington, Washington",548,"1600 Preston Road, North Ridge, Alexandria","9/1/2019 - 9/30/2019, Every day, Daily Average",734,520,1034
186,"20001, Northwest Washington, Washington",549,"300 North Van Dorn Street, Landmark, Alexandria","9/1/2019 - 9/30/2019, Every day, Daily Average",1118,814,1534
186,"20001, Northwest Washington, Washington",550,"4300 Raleigh Avenue, Seminary Hill, Alexandria","9/1/2019 - 9/30/2019, Every day, Daily Average",1205,904,1606
186,"20001, Northwest Washington, Washington",551,"4700 Kenmore Avenue, Seminary Hill, Alexandria","9/1/2019 - 9/30/2019, Every day, Daily Average",931,671,1291
186,"20001, Northwest Washington, Washington",552,"5700 Reading Avenue, Alexandria West, Alexandria","9/1/2019 - 9/30/2019, Every day, Daily Average",1084,796,1475
186,"20001, Northwest Washington, Washington",553,"4900 Seminary Road, Alexandria West, Alexandria","9/1/2019 - 9/30/2019, Every day, Daily Average",859,631,1168
186,"20001, Northwest Washington, Washington",554,"1300 North Beauregard Street, Alexandria West, Alexandria","9/1/2019 - 9/30/2019, Every day, Daily Average",910,670,1234
186,"20001, Northwest Washington, Washington",555,"5900 Atteentee Road, Springfield","9/1/2019 - 9/30/2019, Every day, Daily Average",1459,1105,1925
186,"20001, Northwest Washington, Washington",556,"7800 Montvale Way, McLean","9/1/2019 - 9/30/2019, Every day, Daily Average",1584,1227,2044
186,"20001, Northwest Washington, Washington",557,"8400 Fenwood Drive, West Springfield","9/1/2019 - 9/30/2019, Every day, Daily Average",1568,1214,2023
186,"20001, Northwest Washington, Washington",558,"4000 Wheeler Avenue, Seminary Hill, Alexandria","9/1/2019 - 9/30/2019, Every day, Daily Average",1472,1080,2004